time,open_bid,high_bid,low_bid,close_bid,open_ask,high_ask,low_ask,close_ask,volume
2025-10-28 23:54:00,60.012,60.029,60.012,60.029,60.042,60.059,60.042,60.059,2
2025-10-28 23:55:00,60.034,60.04,60.034,60.04,60.064,60.08,60.064,60.07,5
2025-10-28 23:56:00,60.038,60.038,60.036,60.036,60.068,60.068,60.066,60.066,2
2025-10-28 23:58:00,60.036,60.036,60.036,60.036,60.076,60.076,60.066,60.066,2
2025-10-28 23:59:00,60.033,60.036,60.033,60.036,60.063,60.076,60.063,60.076,3
2025-10-29 00:00:00,60.051,60.054,60.033,60.037,60.081,60.091,60.073,60.077,13
2025-10-29 00:01:00,60.037,60.037,60.024,60.031,60.067,60.077,60.054,60.071,7
2025-10-29 00:02:00,60.041,60.051,60.04,60.051,60.071,60.083,60.071,60.081,5
2025-10-29 00:03:00,60.061,60.066,60.061,60.066,60.091,60.106,60.091,60.106,3
2025-10-29 00:04:00,60.067,60.067,60.067,60.067,60.107,60.107,60.107,60.107,1
2025-10-29 00:05:00,60.074,60.074,60.074,60.074,60.104,60.104,60.104,60.104,1
2025-10-29 00:06:00,60.078,60.078,60.072,60.072,60.108,60.112,60.108,60.112,2
2025-10-29 00:07:00,60.074,60.075,60.071,60.075,60.114,60.114,60.101,60.105,3
2025-10-29 00:09:00,60.074,60.074,60.058,60.058,60.104,60.11,60.098,60.098,3
2025-10-29 00:10:00,60.059,60.059,60.054,60.054,60.099,60.099,60.084,60.084,2
2025-10-29 00:11:00,60.052,60.052,60.052,60.052,60.082,60.082,60.082,60.082,1
2025-10-29 00:13:00,60.048,60.048,60.048,60.048,60.088,60.088,60.088,60.088,1
2025-10-29 00:14:00,60.046,60.076,60.046,60.076,60.076,60.116,60.076,60.116,5
2025-10-29 00:15:00,60.083,60.1,60.077,60.091,60.123,60.139,60.107,60.121,13
2025-10-29 00:16:00,60.087,60.087,60.072,60.072,60.127,60.127,60.112,60.112,2
2025-10-29 00:17:00,60.081,60.094,60.081,60.094,60.111,60.124,60.111,60.124,4
2025-10-29 00:18:00,60.089,60.097,60.089,60.097,60.129,60.13,60.125,60.127,5
2025-10-29 00:19:00,60.098,60.105,60.098,60.105,60.128,60.135,60.128,60.135,2
2025-10-29 00:20:00,60.108,60.137,60.108,60.136,60.138,60.177,60.138,60.176,15
2025-10-29 00:21:00,60.135,60.135,60.128,60.128,60.175,60.175,60.168,60.168,2
2025-10-29 00:22:00,60.122,60.123,60.119,60.122,60.152,60.163,60.152,60.162,5
2025-10-29 00:23:00,60.119,60.129,60.119,60.119,60.159,60.169,60.149,60.149,5
2025-10-29 00:25:00,60.115,60.115,60.098,60.098,60.145,60.145,60.138,60.138,4
2025-10-29 00:26:00,60.095,60.107,60.095,60.1,60.135,60.14,60.133,60.14,8
2025-10-29 00:27:00,60.106,60.111,60.106,60.111,60.146,60.151,60.146,60.151,2
2025-10-29 00:28:00,60.112,60.121,60.111,60.117,60.142,60.161,60.142,60.157,5
2025-10-29 00:29:00,60.119,60.13,60.119,60.13,60.149,60.17,60.149,60.17,6
2025-10-29 00:30:00,60.133,60.143,60.13,60.143,60.173,60.177,60.17,60.173,7
2025-10-29 00:31:00,60.136,60.136,60.136,60.136,60.166,60.166,60.166,60.166,1
2025-10-29 00:32:00,60.143,60.143,60.142,60.142,60.173,60.173,60.172,60.172,2
2025-10-29 00:33:00,60.143,60.143,60.136,60.136,60.173,60.173,60.166,60.166,4
2025-10-29 00:34:00,60.146,60.16,60.139,60.159,60.176,60.2,60.169,60.189,9
2025-10-29 00:35:00,60.16,60.162,60.155,60.16,60.19,60.195,60.19,60.19,6
2025-10-29 00:36:00,60.158,60.16,60.158,60.16,60.188,60.19,60.188,60.19,2
2025-10-29 00:37:00,60.161,60.165,60.161,60.162,60.191,60.205,60.191,60.192,4
2025-10-29 00:38:00,60.161,60.161,60.146,60.149,60.191,60.191,60.176,60.179,6
2025-10-29 00:39:00,60.145,60.145,60.142,60.142,60.175,60.175,60.172,60.172,2
2025-10-29 00:40:00,60.132,60.132,60.128,60.128,60.162,60.162,60.158,60.158,3
2025-10-29 00:41:00,60.127,60.127,60.127,60.127,60.157,60.157,60.157,60.157,1
2025-10-29 00:42:00,60.128,60.128,60.128,60.128,60.158,60.158,60.158,60.158,1
2025-10-29 00:43:00,60.129,60.132,60.129,60.132,60.159,60.162,60.159,60.162,2
2025-10-29 00:44:00,60.137,60.137,60.127,60.127,60.167,60.167,60.157,60.157,3
2025-10-29 00:46:00,60.118,60.119,60.116,60.116,60.158,60.158,60.146,60.146,3
2025-10-29 00:47:00,60.113,60.12,60.113,60.12,60.153,60.16,60.153,60.16,3
2025-10-29 00:48:00,60.129,60.13,60.12,60.13,60.159,60.17,60.154,60.17,9
2025-10-29 00:49:00,60.129,60.13,60.129,60.13,60.159,60.17,60.159,60.17,2
2025-10-29 00:50:00,60.129,60.13,60.129,60.13,60.159,60.17,60.159,60.17,2
2025-10-29 00:51:00,60.127,60.13,60.127,60.13,60.157,60.17,60.157,60.17,2
2025-10-29 00:52:00,60.133,60.133,60.133,60.133,60.173,60.173,60.173,60.173,1
2025-10-29 00:53:00,60.131,60.132,60.125,60.125,60.161,60.162,60.155,60.155,3
2025-10-29 00:54:00,60.123,60.123,60.12,60.12,60.153,60.153,60.15,60.15,3
2025-10-29 00:56:00,60.117,60.126,60.117,60.126,60.147,60.156,60.147,60.156,2
2025-10-29 00:58:00,60.119,60.127,60.119,60.127,60.159,60.159,60.149,60.157,3
2025-10-29 00:59:00,60.124,60.125,60.124,60.125,60.154,60.155,60.154,60.155,2
2025-10-29 01:00:00,60.117,60.13,60.091,60.112,60.147,60.16,60.122,60.142,25
2025-10-29 01:01:00,60.113,60.14,60.111,60.13,60.143,60.18,60.142,60.17,37
2025-10-29 01:02:00,60.136,60.159,60.136,60.151,60.166,60.195,60.166,60.181,12
2025-10-29 01:03:00,60.143,60.152,60.137,60.142,60.173,60.188,60.172,60.172,10
2025-10-29 01:04:00,60.136,60.137,60.122,60.122,60.176,60.176,60.152,60.152,11
2025-10-29 01:05:00,60.117,60.117,60.092,60.105,60.157,60.157,60.122,60.145,12
2025-10-29 01:06:00,60.106,60.107,60.083,60.083,60.146,60.146,60.113,60.113,8
2025-10-29 01:07:00,60.078,60.086,60.071,60.086,60.108,60.117,60.106,60.116,9
2025-10-29 01:08:00,60.084,60.086,60.057,60.058,60.114,60.116,60.087,60.088,8
2025-10-29 01:09:00,60.057,60.08,60.057,60.08,60.087,60.11,60.087,60.11,7
2025-10-29 01:10:00,60.066,60.072,60.066,60.071,60.106,60.111,60.101,60.101,5
2025-10-29 01:11:00,60.076,60.076,60.068,60.068,60.106,60.106,60.098,60.098,3
2025-10-29 01:12:00,60.065,60.068,60.065,60.068,60.095,60.098,60.095,60.098,2
2025-10-29 01:13:00,60.07,60.075,60.069,60.075,60.1,60.109,60.1,60.105,5
2025-10-29 01:14:00,60.073,60.073,60.069,60.07,60.103,60.109,60.1,60.1,6
2025-10-29 01:15:00,60.074,60.081,60.067,60.081,60.104,60.121,60.104,60.121,7
2025-10-29 01:16:00,60.086,60.107,60.086,60.107,60.116,60.138,60.116,60.137,7
2025-10-29 01:17:00,60.108,60.117,60.108,60.116,60.148,60.15,60.146,60.146,6
2025-10-29 01:18:00,60.117,60.119,60.117,60.119,60.147,60.149,60.147,60.149,4
2025-10-29 01:19:00,60.12,60.12,60.12,60.12,60.15,60.15,60.15,60.15,1
2025-10-29 01:20:00,60.119,60.119,60.119,60.119,60.149,60.149,60.149,60.149,1
2025-10-29 01:21:00,60.129,60.129,60.129,60.129,60.159,60.159,60.159,60.159,1
2025-10-29 01:22:00,60.136,60.147,60.136,60.14,60.166,60.177,60.166,60.17,7
2025-10-29 01:23:00,60.141,60.141,60.141,60.141,60.171,60.171,60.171,60.171,1
2025-10-29 01:24:00,60.15,60.153,60.141,60.15,60.18,60.183,60.171,60.18,6
2025-10-29 01:25:00,60.147,60.147,60.14,60.14,60.187,60.187,60.17,60.17,2
2025-10-29 01:26:00,60.15,60.157,60.15,60.152,60.18,60.192,60.18,60.192,4
2025-10-29 01:27:00,60.14,60.15,60.14,60.15,60.17,60.185,60.17,60.18,7
2025-10-29 01:28:00,60.158,60.16,60.151,60.158,60.188,60.19,60.181,60.188,4
2025-10-29 01:29:00,60.152,60.152,60.13,60.141,60.182,60.182,60.16,60.171,9
2025-10-29 01:30:00,60.151,60.181,60.151,60.172,60.181,60.211,60.181,60.202,10
2025-10-29 01:31:00,60.171,60.173,60.164,60.173,60.201,60.207,60.194,60.203,10
2025-10-29 01:32:00,60.176,60.181,60.172,60.181,60.216,60.216,60.202,60.211,3
2025-10-29 01:33:00,60.191,60.192,60.185,60.192,60.221,60.225,60.22,60.222,5
2025-10-29 01:34:00,60.19,60.192,60.182,60.192,60.22,60.222,60.212,60.222,9
2025-10-29 01:35:00,60.19,60.192,60.184,60.185,60.22,60.225,60.214,60.225,4
2025-10-29 01:36:00,60.191,60.193,60.191,60.193,60.221,60.223,60.221,60.223,3
2025-10-29 01:37:00,60.196,60.203,60.196,60.203,60.236,60.236,60.232,60.233,3
2025-10-29 01:38:00,60.199,60.21,60.181,60.181,60.239,60.24,60.211,60.211,8
2025-10-29 01:39:00,60.186,60.202,60.186,60.202,60.226,60.235,60.22,60.232,6
2025-10-29 01:40:00,60.203,60.203,60.193,60.194,60.233,60.239,60.223,60.224,4
2025-10-29 01:41:00,60.184,60.184,60.179,60.179,60.214,60.219,60.213,60.219,3
2025-10-29 01:42:00,60.176,60.176,60.164,60.164,60.206,60.209,60.194,60.194,6
2025-10-29 01:43:00,60.168,60.168,60.159,60.159,60.208,60.208,60.193,60.199,7
2025-10-29 01:44:00,60.163,60.164,60.163,60.164,60.193,60.194,60.193,60.194,2
2025-10-29 01:45:00,60.163,60.163,60.153,60.163,60.193,60.193,60.183,60.193,4
2025-10-29 01:46:00,60.17,60.17,60.164,60.164,60.2,60.2,60.194,60.194,2
2025-10-29 01:47:00,60.167,60.19,60.167,60.188,60.207,60.228,60.203,60.228,7
2025-10-29 01:48:00,60.176,60.176,60.176,60.176,60.206,60.206,60.206,60.206,1
2025-10-29 01:49:00,60.177,60.183,60.177,60.183,60.217,60.217,60.212,60.213,3
2025-10-29 01:50:00,60.173,60.173,60.146,60.153,60.203,60.203,60.176,60.183,6
2025-10-29 01:51:00,60.162,60.162,60.153,60.153,60.192,60.197,60.183,60.183,3
2025-10-29 01:52:00,60.143,60.143,60.142,60.142,60.173,60.173,60.172,60.172,2
2025-10-29 01:53:00,60.152,60.152,60.126,60.127,60.182,60.182,60.162,60.167,6
2025-10-29 01:54:00,60.124,60.124,60.1,60.1,60.154,60.156,60.13,60.13,10
2025-10-29 01:55:00,60.101,60.102,60.091,60.102,60.131,60.132,60.121,60.132,8
2025-10-29 01:56:00,60.094,60.114,60.094,60.114,60.134,60.145,60.134,60.144,8
2025-10-29 01:57:00,60.104,60.104,60.095,60.095,60.134,60.135,60.134,60.135,2
2025-10-29 01:58:00,60.094,60.094,60.066,60.074,60.124,60.127,60.096,60.104,8
2025-10-29 01:59:00,60.084,60.089,60.076,60.089,60.114,60.119,60.106,60.119,5
2025-10-29 02:00:00,60.08,60.124,60.067,60.089,60.11,60.154,60.104,60.129,54
2025-10-29 02:01:00,60.088,60.173,60.088,60.162,60.118,60.203,60.118,60.192,32
2025-10-29 02:02:00,60.154,60.162,60.119,60.152,60.184,60.192,60.159,60.182,32
2025-10-29 02:03:00,60.144,60.144,60.112,60.124,60.174,60.174,60.152,60.154,21
2025-10-29 02:04:00,60.121,60.134,60.112,60.112,60.161,60.164,60.147,60.152,20
2025-10-29 02:05:00,60.117,60.153,60.117,60.144,60.147,60.183,60.147,60.174,15
2025-10-29 02:06:00,60.144,60.154,60.126,60.141,60.184,60.184,60.166,60.171,18
2025-10-29 02:07:00,60.131,60.142,60.122,60.142,60.161,60.182,60.152,60.172,17
2025-10-29 02:08:00,60.134,60.164,60.131,60.162,60.164,60.194,60.161,60.192,18
2025-10-29 02:09:00,60.169,60.192,60.153,60.182,60.199,60.222,60.183,60.212,16
2025-10-29 02:10:00,60.18,60.192,60.161,60.182,60.21,60.224,60.192,60.212,17
2025-10-29 02:11:00,60.192,60.192,60.15,60.159,60.222,60.223,60.189,60.189,26
2025-10-29 02:12:00,60.149,60.157,60.149,60.157,60.179,60.197,60.179,60.197,3
2025-10-29 02:13:00,60.15,60.15,60.137,60.149,60.18,60.18,60.169,60.179,9
2025-10-29 02:14:00,60.145,60.148,60.132,60.138,60.175,60.179,60.167,60.168,10
2025-10-29 02:15:00,60.128,60.176,60.128,60.168,60.158,60.209,60.158,60.198,17
2025-10-29 02:16:00,60.166,60.178,60.166,60.17,60.206,60.208,60.196,60.2,11
2025-10-29 02:17:00,60.173,60.189,60.172,60.188,60.203,60.221,60.202,60.218,6
2025-10-29 02:18:00,60.185,60.192,60.185,60.185,60.215,60.225,60.215,60.215,5
2025-10-29 02:19:00,60.192,60.192,60.159,60.168,60.222,60.222,60.197,60.198,8
2025-10-29 02:20:00,60.159,60.161,60.134,60.156,60.199,60.199,60.174,60.186,10
2025-10-29 02:21:00,60.146,60.156,60.139,60.156,60.186,60.186,60.169,60.186,7
2025-10-29 02:22:00,60.146,60.156,60.144,60.155,60.186,60.186,60.176,60.185,11
2025-10-29 02:24:00,60.175,60.175,60.146,60.16,60.205,60.205,60.186,60.19,15
2025-10-29 02:25:00,60.158,60.172,60.155,60.172,60.188,60.204,60.185,60.202,15
2025-10-29 02:26:00,60.164,60.182,60.162,60.174,60.204,60.214,60.192,60.214,19
2025-10-29 02:27:00,60.182,60.193,60.172,60.186,60.212,60.227,60.202,60.216,13
2025-10-29 02:28:00,60.193,60.212,60.183,60.212,60.223,60.252,60.213,60.252,20
2025-10-29 02:29:00,60.2,60.212,60.199,60.199,60.23,60.244,60.229,60.229,11
2025-10-29 02:30:00,60.2,60.2,60.19,60.2,60.23,60.235,60.22,60.23,22
2025-10-29 02:31:00,60.199,60.199,60.193,60.193,60.229,60.229,60.223,60.223,2
2025-10-29 02:32:00,60.185,60.193,60.185,60.193,60.215,60.223,60.215,60.223,2
2025-10-29 02:33:00,60.195,60.208,60.186,60.208,60.225,60.243,60.216,60.238,17
2025-10-29 02:34:00,60.2,60.24,60.2,60.24,60.23,60.27,60.23,60.27,18
2025-10-29 02:35:00,60.233,60.242,60.222,60.241,60.263,60.272,60.252,60.271,9
2025-10-29 02:36:00,60.234,60.236,60.223,60.229,60.264,60.266,60.253,60.259,15
2025-10-29 02:37:00,60.23,60.238,60.23,60.232,60.26,60.272,60.26,60.272,3
2025-10-29 02:38:00,60.234,60.24,60.23,60.24,60.274,60.275,60.26,60.27,11
2025-10-29 02:39:00,60.235,60.24,60.232,60.232,60.275,60.275,60.268,60.272,4
2025-10-29 02:40:00,60.231,60.254,60.178,60.231,60.261,60.284,60.208,60.261,41
2025-10-29 02:41:00,60.227,60.247,60.227,60.244,60.257,60.287,60.257,60.274,6
2025-10-29 02:42:00,60.245,60.256,60.245,60.247,60.285,60.29,60.276,60.287,14
2025-10-29 02:43:00,60.253,60.265,60.25,60.258,60.283,60.297,60.283,60.288,11
2025-10-29 02:44:00,60.248,60.251,60.238,60.238,60.278,60.291,60.268,60.268,16
2025-10-29 02:45:00,60.235,60.238,60.221,60.221,60.265,60.272,60.251,60.251,17
2025-10-29 02:46:00,60.211,60.216,60.197,60.204,60.241,60.247,60.231,60.234,16
2025-10-29 02:47:00,60.205,60.205,60.17,60.181,60.235,60.235,60.21,60.211,25
2025-10-29 02:48:00,60.177,60.191,60.169,60.176,60.217,60.221,60.203,60.216,7
2025-10-29 02:49:00,60.188,60.188,60.188,60.188,60.218,60.218,60.218,60.218,1
2025-10-29 02:50:00,60.199,60.209,60.189,60.209,60.229,60.246,60.219,60.239,8
2025-10-29 02:51:00,60.216,60.22,60.207,60.216,60.246,60.257,60.24,60.256,15
2025-10-29 02:52:00,60.229,60.27,60.224,60.27,60.259,60.3,60.258,60.3,6
2025-10-29 02:53:00,60.273,60.279,60.262,60.279,60.303,60.309,60.292,60.309,17
2025-10-29 02:54:00,60.272,60.29,60.265,60.288,60.302,60.32,60.295,60.318,10
2025-10-29 02:55:00,60.29,60.29,60.278,60.278,60.32,60.32,60.308,60.308,7
2025-10-29 02:56:00,60.269,60.286,60.268,60.273,60.309,60.316,60.298,60.303,11
2025-10-29 02:57:00,60.266,60.266,60.223,60.223,60.296,60.296,60.253,60.253,19
2025-10-29 02:58:00,60.225,60.225,60.225,60.225,60.255,60.255,60.255,60.255,1
2025-10-29 02:59:00,60.221,60.235,60.214,60.225,60.251,60.269,60.245,60.255,14
2025-10-29 03:00:00,60.208,60.237,60.208,60.221,60.238,60.271,60.238,60.261,20
2025-10-29 03:01:00,60.218,60.228,60.208,60.216,60.248,60.258,60.238,60.246,11
2025-10-29 03:02:00,60.221,60.226,60.21,60.223,60.261,60.263,60.24,60.263,13
2025-10-29 03:03:00,60.228,60.236,60.208,60.208,60.258,60.266,60.248,60.248,11
2025-10-29 03:04:00,60.208,60.208,60.174,60.187,60.238,60.238,60.213,60.217,15
2025-10-29 03:05:00,60.186,60.187,60.177,60.177,60.226,60.226,60.207,60.207,9
2025-10-29 03:06:00,60.185,60.19,60.177,60.181,60.215,60.223,60.207,60.221,16
2025-10-29 03:07:00,60.18,60.189,60.171,60.18,60.22,60.221,60.208,60.22,12
2025-10-29 03:08:00,60.18,60.18,60.163,60.17,60.21,60.213,60.199,60.21,8
2025-10-29 03:09:00,60.172,60.176,60.126,60.126,60.202,60.215,60.156,60.156,15
2025-10-29 03:10:00,60.127,60.128,60.106,60.106,60.157,60.161,60.136,60.136,29
2025-10-29 03:11:00,60.104,60.114,60.096,60.114,60.134,60.146,60.133,60.144,11
2025-10-29 03:12:00,60.111,60.112,60.085,60.089,60.141,60.142,60.115,60.119,15
2025-10-29 03:13:00,60.073,60.088,60.052,60.067,60.113,60.118,60.086,60.097,17
2025-10-29 03:14:00,60.068,60.084,60.062,60.084,60.098,60.116,60.098,60.114,9
2025-10-29 03:15:00,60.088,60.097,60.085,60.095,60.118,60.127,60.118,60.125,4
2025-10-29 03:16:00,60.088,60.088,60.075,60.082,60.118,60.122,60.108,60.122,10
2025-10-29 03:17:00,60.081,60.083,60.067,60.074,60.111,60.113,60.097,60.104,8
2025-10-29 03:18:00,60.069,60.069,60.039,60.039,60.099,60.099,60.069,60.069,10
2025-10-29 03:19:00,60.034,60.034,59.998,59.998,60.064,60.064,60.028,60.028,9
2025-10-29 03:20:00,60.005,60.018,60.005,60.005,60.035,60.048,60.035,60.035,4
2025-10-29 03:21:00,60.002,60.017,59.945,59.958,60.042,60.047,59.981,59.988,20
2025-10-29 03:22:00,59.952,59.963,59.948,59.963,59.982,59.996,59.98,59.993,13
2025-10-29 03:23:00,59.971,59.997,59.965,59.992,60.001,60.027,59.997,60.022,29
2025-10-29 03:24:00,59.985,59.994,59.984,59.984,60.015,60.024,60.015,60.024,5
2025-10-29 03:25:00,59.992,59.997,59.981,59.997,60.022,60.033,60.012,60.027,8
2025-10-29 03:26:00,59.987,59.987,59.98,59.98,60.017,60.017,60.01,60.01,2
2025-10-29 03:27:00,59.981,59.981,59.98,59.98,60.011,60.011,60.01,60.01,2
2025-10-29 03:28:00,59.969,59.972,59.961,59.961,59.999,60.003,59.991,60.001,8
2025-10-29 03:29:00,59.961,59.961,59.956,59.958,59.991,59.996,59.988,59.988,4
2025-10-29 03:30:00,59.948,59.978,59.939,59.967,59.978,60.008,59.971,59.997,31
2025-10-29 03:31:00,59.963,59.968,59.956,59.958,60.003,60.003,59.988,59.998,20
2025-10-29 03:32:00,59.959,59.961,59.927,59.941,59.989,59.998,59.958,59.971,22
2025-10-29 03:33:00,59.934,59.965,59.909,59.909,59.964,59.995,59.939,59.939,28
2025-10-29 03:34:00,59.908,59.911,59.863,59.871,59.948,59.948,59.893,59.901,47
2025-10-29 03:35:00,59.879,59.89,59.866,59.866,59.909,59.92,59.896,59.896,28
2025-10-29 03:36:00,59.874,59.877,59.833,59.877,59.904,59.911,59.863,59.907,41
2025-10-29 03:37:00,59.878,59.889,59.859,59.878,59.908,59.922,59.889,59.908,24
2025-10-29 03:38:00,59.879,59.898,59.879,59.897,59.909,59.932,59.909,59.927,13
2025-10-29 03:39:00,59.911,59.944,59.911,59.937,59.951,59.981,59.951,59.967,8
2025-10-29 03:40:00,59.941,59.945,59.927,59.937,59.981,59.983,59.957,59.967,19
2025-10-29 03:41:00,59.93,59.937,59.927,59.929,59.96,59.973,59.957,59.959,9
2025-10-29 03:42:00,59.931,59.935,59.927,59.935,59.971,59.971,59.957,59.965,7
2025-10-29 03:43:00,59.927,59.957,59.927,59.95,59.957,59.994,59.957,59.98,18
2025-10-29 03:44:00,59.956,59.957,59.937,59.948,59.986,59.987,59.967,59.978,14
2025-10-29 03:45:00,59.939,59.939,59.924,59.927,59.969,59.978,59.957,59.957,17
2025-10-29 03:46:00,59.924,59.924,59.897,59.897,59.964,59.964,59.927,59.927,20
2025-10-29 03:47:00,59.899,59.926,59.899,59.924,59.929,59.963,59.929,59.954,15
2025-10-29 03:48:00,59.929,59.929,59.907,59.907,59.959,59.964,59.937,59.937,12
2025-10-29 03:49:00,59.911,59.917,59.907,59.907,59.951,59.953,59.937,59.937,19
2025-10-29 03:50:00,59.914,59.917,59.908,59.913,59.944,59.953,59.938,59.953,7
2025-10-29 03:51:00,59.917,59.939,59.917,59.926,59.947,59.972,59.947,59.956,16
2025-10-29 03:52:00,59.918,59.926,59.912,59.916,59.948,59.962,59.946,59.946,14
2025-10-29 03:53:00,59.919,59.937,59.916,59.927,59.959,59.972,59.946,59.957,17
2025-10-29 03:54:00,59.93,59.937,59.927,59.927,59.97,59.973,59.957,59.957,12
2025-10-29 03:55:00,59.93,59.937,59.93,59.937,59.97,59.972,59.964,59.967,7
2025-10-29 03:56:00,59.927,59.927,59.926,59.926,59.957,59.957,59.956,59.956,2
2025-10-29 03:57:00,59.925,59.939,59.925,59.939,59.955,59.979,59.955,59.979,10
2025-10-29 03:58:00,59.935,59.935,59.925,59.925,59.965,59.97,59.955,59.955,4
2025-10-29 03:59:00,59.918,59.948,59.918,59.943,59.948,59.988,59.948,59.973,12
2025-10-29 04:00:00,59.938,59.943,59.92,59.934,59.978,59.978,59.95,59.974,16
2025-10-29 04:01:00,59.93,59.938,59.92,59.932,59.96,59.974,59.95,59.962,14
2025-10-29 04:02:00,59.93,59.93,59.918,59.918,59.96,59.964,59.95,59.958,10
2025-10-29 04:03:00,59.926,59.939,59.917,59.926,59.956,59.969,59.947,59.966,8
2025-10-29 04:04:00,59.929,59.929,59.926,59.926,59.959,59.966,59.959,59.966,4
2025-10-29 04:05:00,59.942,59.952,59.929,59.929,59.972,59.982,59.959,59.959,5
2025-10-29 04:06:00,59.919,59.929,59.909,59.929,59.949,59.959,59.939,59.959,8
2025-10-29 04:07:00,59.926,59.926,59.926,59.926,59.966,59.966,59.966,59.966,1
2025-10-29 04:08:00,59.942,59.946,59.926,59.926,59.972,59.981,59.956,59.956,7
2025-10-29 04:09:00,59.936,59.937,59.929,59.929,59.966,59.977,59.959,59.959,8
2025-10-29 04:10:00,59.93,59.944,59.929,59.944,59.97,59.978,59.959,59.974,15
2025-10-29 04:11:00,59.937,59.937,59.937,59.937,59.967,59.967,59.967,59.967,1
2025-10-29 04:12:00,59.939,59.951,59.934,59.944,59.979,59.981,59.964,59.974,6
2025-10-29 04:13:00,59.954,59.975,59.954,59.975,59.984,60.005,59.984,60.005,4
2025-10-29 04:14:00,59.984,59.984,59.965,59.979,60.014,60.021,59.995,60.019,15
2025-10-29 04:15:00,59.986,59.986,59.95,59.954,60.016,60.016,59.98,59.984,15
2025-10-29 04:16:00,59.96,59.96,59.957,59.957,60.0,60.0,59.987,59.987,2
2025-10-29 04:17:00,59.962,59.966,59.948,59.966,60.002,60.003,59.978,59.996,13
2025-10-29 04:18:00,59.973,59.986,59.969,59.986,60.003,60.021,59.999,60.016,9
2025-10-29 04:19:00,59.987,59.987,59.987,59.987,60.017,60.017,60.017,60.017,1
2025-10-29 04:20:00,59.986,59.986,59.979,59.981,60.016,60.021,60.009,60.021,4
2025-10-29 04:21:00,59.996,60.025,59.996,60.025,60.026,60.061,60.026,60.055,12
2025-10-29 04:22:00,60.018,60.036,60.007,60.029,60.048,60.066,60.047,60.059,11
2025-10-29 04:23:00,60.021,60.021,59.995,59.995,60.051,60.053,60.025,60.025,10
2025-10-29 04:24:00,59.987,59.991,59.981,59.982,60.027,60.027,60.012,60.012,4
2025-10-29 04:25:00,59.983,59.983,59.97,59.977,60.013,60.013,60.0,60.007,4
2025-10-29 04:26:00,59.974,59.974,59.964,59.964,60.004,60.004,59.994,59.994,3
2025-10-29 04:27:00,59.957,59.957,59.942,59.95,59.987,59.987,59.976,59.98,11
2025-10-29 04:28:00,59.949,59.957,59.94,59.957,59.979,59.987,59.97,59.987,13
2025-10-29 04:29:00,59.948,59.977,59.948,59.968,59.988,60.008,59.987,60.008,11
2025-10-29 04:30:00,59.964,59.965,59.895,59.918,59.994,59.995,59.935,59.948,23
2025-10-29 04:31:00,59.915,59.934,59.897,59.934,59.945,59.966,59.937,59.964,13
2025-10-29 04:32:00,59.924,59.944,59.924,59.944,59.954,59.974,59.954,59.974,3
2025-10-29 04:33:00,59.945,59.955,59.945,59.955,59.975,59.985,59.975,59.985,3
2025-10-29 04:34:00,59.96,59.965,59.96,59.965,60.0,60.0,59.995,59.995,2
2025-10-29 04:35:00,59.974,59.983,59.968,59.978,60.004,60.013,60.003,60.008,6
2025-10-29 04:36:00,59.968,59.968,59.965,59.966,59.998,59.998,59.995,59.996,3
2025-10-29 04:38:00,59.972,59.976,59.972,59.976,60.012,60.012,60.006,60.006,2
2025-10-29 04:39:00,59.977,59.995,59.977,59.987,60.007,60.031,60.007,60.017,12
2025-10-29 04:40:00,59.983,59.986,59.977,59.986,60.023,60.023,60.007,60.016,14
2025-10-29 04:41:00,59.99,59.99,59.977,59.984,60.03,60.03,60.012,60.014,8
2025-10-29 04:42:00,59.983,59.984,59.982,59.982,60.013,60.014,60.012,60.012,3
2025-10-29 04:43:00,59.983,59.988,59.979,59.979,60.013,60.02,60.009,60.009,8
2025-10-29 04:44:00,59.981,59.981,59.981,59.981,60.011,60.011,60.011,60.011,1
2025-10-29 04:45:00,59.975,59.975,59.975,59.975,60.015,60.015,60.015,60.015,1
2025-10-29 04:46:00,59.982,59.998,59.982,59.998,60.022,60.028,60.021,60.028,3
2025-10-29 04:48:00,59.992,59.994,59.992,59.994,60.022,60.024,60.022,60.024,2
2025-10-29 04:49:00,59.989,59.996,59.989,59.996,60.029,60.029,60.025,60.026,3
2025-10-29 04:50:00,59.997,60.001,59.981,59.981,60.027,60.041,60.021,60.021,3
2025-10-29 04:51:00,59.987,60.013,59.987,60.005,60.017,60.053,60.017,60.035,9
2025-10-29 04:52:00,60.006,60.006,59.996,60.0,60.036,60.041,60.026,60.04,8
2025-10-29 04:53:00,59.996,60.021,59.995,59.996,60.026,60.061,60.025,60.026,17
2025-10-29 04:54:00,60.005,60.025,59.998,59.998,60.035,60.06,60.028,60.028,13
2025-10-29 04:55:00,60.005,60.015,60.005,60.006,60.035,60.05,60.035,60.036,8
2025-10-29 04:57:00,60.014,60.034,60.006,60.034,60.044,60.064,60.036,60.064,6
2025-10-29 04:58:00,60.04,60.064,60.04,60.063,60.07,60.1,60.07,60.093,9
2025-10-29 04:59:00,60.059,60.068,60.044,60.059,60.099,60.108,60.074,60.099,8
2025-10-29 05:00:00,60.044,60.044,60.024,60.024,60.074,60.074,60.054,60.054,4
2025-10-29 05:01:00,60.02,60.034,60.016,60.024,60.06,60.067,60.046,60.054,6
2025-10-29 05:02:00,60.029,60.029,60.029,60.029,60.069,60.069,60.069,60.069,1
2025-10-29 05:03:00,60.024,60.032,60.016,60.016,60.054,60.067,60.046,60.056,8
2025-10-29 05:04:00,60.012,60.012,59.997,59.997,60.042,60.047,60.032,60.037,4
2025-10-29 05:05:00,59.983,60.002,59.983,59.992,60.013,60.032,60.013,60.022,5
2025-10-29 05:06:00,59.982,59.982,59.974,59.981,60.012,60.014,60.011,60.011,4
2025-10-29 05:07:00,59.982,59.982,59.982,59.982,60.012,60.012,60.012,60.012,1
2025-10-29 05:08:00,59.975,59.975,59.975,59.975,60.005,60.005,60.005,60.005,1
2025-10-29 05:09:00,59.978,59.982,59.976,59.982,60.018,60.018,60.012,60.012,4
2025-10-29 05:10:00,59.986,59.986,59.986,59.986,60.026,60.026,60.026,60.026,1
2025-10-29 05:11:00,59.97,59.974,59.97,59.974,60.01,60.014,60.01,60.014,2
2025-10-29 05:12:00,59.976,59.976,59.971,59.971,60.016,60.016,60.001,60.001,2
2025-10-29 05:13:00,59.963,59.971,59.962,59.962,59.993,60.005,59.992,59.992,4
2025-10-29 05:14:00,59.963,59.964,59.954,59.964,59.993,59.994,59.984,59.994,4
2025-10-29 05:15:00,59.962,59.982,59.962,59.982,59.992,60.012,59.992,60.012,2
2025-10-29 05:16:00,59.989,59.999,59.989,59.999,60.019,60.029,60.019,60.029,2
2025-10-29 05:17:00,60.002,60.011,59.992,59.995,60.032,60.046,60.022,60.035,8
2025-10-29 05:18:00,59.989,59.989,59.979,59.979,60.019,60.019,60.009,60.009,2
2025-10-29 05:19:00,59.991,59.991,59.991,59.991,60.021,60.021,60.021,60.021,1
2025-10-29 05:21:00,59.989,59.989,59.989,59.989,60.019,60.019,60.019,60.019,1
2025-10-29 05:22:00,59.99,60.008,59.99,59.992,60.03,60.043,60.022,60.022,11
2025-10-29 05:23:00,59.991,60.011,59.991,60.011,60.021,60.046,60.021,60.041,7
2025-10-29 05:24:00,60.003,60.003,59.991,59.998,60.033,60.036,60.021,60.028,8
2025-10-29 05:25:00,60.009,60.009,60.001,60.001,60.039,60.043,60.031,60.031,4
2025-10-29 05:26:00,60.003,60.003,59.986,59.991,60.043,60.043,60.021,60.021,6
2025-10-29 05:27:00,59.986,59.986,59.986,59.986,60.026,60.026,60.026,60.026,1
2025-10-29 05:29:00,59.972,59.982,59.971,59.98,60.002,60.013,60.001,60.01,7
2025-10-29 05:30:00,59.978,59.978,59.939,59.939,60.008,60.008,59.978,59.979,6
2025-10-29 05:31:00,59.939,59.939,59.926,59.933,59.969,59.969,59.956,59.963,4
2025-10-29 05:32:00,59.936,59.958,59.936,59.958,59.966,59.988,59.966,59.988,8
2025-10-29 05:33:00,59.965,59.966,59.955,59.959,59.995,60.006,59.985,59.999,8
2025-10-29 05:34:00,59.968,59.968,59.962,59.962,59.998,60.002,59.998,60.002,2
2025-10-29 05:35:00,59.97,59.97,59.96,59.96,60.0,60.002,59.99,59.99,7
2025-10-29 05:36:00,59.962,59.97,59.962,59.967,60.002,60.002,59.992,59.997,4
2025-10-29 05:37:00,59.957,59.974,59.944,59.957,59.987,60.004,59.984,59.987,11
2025-10-29 05:38:00,59.952,59.977,59.951,59.977,59.992,60.008,59.987,60.007,8
2025-10-29 05:39:00,59.968,59.977,59.966,59.966,60.008,60.008,60.0,60.006,4
2025-10-29 05:40:00,59.977,59.977,59.977,59.977,60.007,60.007,60.007,60.007,1
2025-10-29 05:41:00,59.968,59.977,59.968,59.977,60.008,60.008,60.007,60.007,2
2025-10-29 05:44:00,59.987,59.987,59.987,59.987,60.017,60.017,60.017,60.017,1
2025-10-29 05:45:00,59.975,59.986,59.975,59.978,60.015,60.016,60.007,60.008,4
2025-10-29 05:46:00,59.985,59.986,59.985,59.986,60.015,60.016,60.015,60.016,2
2025-10-29 05:48:00,59.977,59.977,59.969,59.969,60.007,60.007,59.999,59.999,2
2025-10-29 05:49:00,59.978,59.978,59.978,59.978,60.008,60.008,60.008,60.008,1
2025-10-29 05:50:00,59.97,59.97,59.956,59.958,60.0,60.0,59.988,59.988,5
2025-10-29 05:51:00,59.977,59.978,59.977,59.978,60.007,60.008,60.007,60.008,2
2025-10-29 05:53:00,59.973,59.973,59.958,59.958,60.013,60.013,59.988,59.988,2
2025-10-29 05:56:00,59.956,59.956,59.956,59.956,59.986,59.986,59.986,59.986,1
2025-10-29 05:57:00,59.953,59.962,59.946,59.962,59.983,59.992,59.976,59.992,7
2025-10-29 05:58:00,59.952,59.952,59.914,59.915,59.982,59.982,59.944,59.945,4
2025-10-29 05:59:00,59.906,59.906,59.884,59.884,59.936,59.936,59.914,59.914,4
2025-10-29 06:00:00,59.887,59.919,59.876,59.909,59.917,59.952,59.906,59.939,17
2025-10-29 06:01:00,59.911,59.912,59.899,59.907,59.951,59.951,59.929,59.937,14
2025-10-29 06:02:00,59.909,59.92,59.909,59.92,59.949,59.95,59.945,59.95,7
2025-10-29 06:03:00,59.921,59.93,59.92,59.92,59.951,59.964,59.95,59.95,8
2025-10-29 06:04:00,59.913,59.922,59.901,59.922,59.943,59.956,59.939,59.952,10
2025-10-29 06:05:00,59.915,59.931,59.915,59.931,59.945,59.961,59.945,59.961,7
2025-10-29 06:06:00,59.937,59.937,59.932,59.934,59.977,59.977,59.962,59.964,6
2025-10-29 06:07:00,59.933,59.933,59.922,59.922,59.963,59.966,59.952,59.952,7
2025-10-29 06:08:00,59.921,59.921,59.919,59.921,59.951,59.951,59.949,59.951,3
2025-10-29 06:09:00,59.919,59.919,59.919,59.919,59.949,59.949,59.949,59.949,1
2025-10-29 06:10:00,59.911,59.931,59.911,59.918,59.941,59.964,59.941,59.958,17
2025-10-29 06:11:00,59.919,59.925,59.919,59.923,59.959,59.959,59.953,59.953,3
2025-10-29 06:12:00,59.93,59.93,59.93,59.93,59.96,59.96,59.96,59.96,1
2025-10-29 06:13:00,59.913,59.92,59.913,59.92,59.943,59.95,59.943,59.95,2
2025-10-29 06:14:00,59.923,59.923,59.923,59.923,59.963,59.963,59.963,59.963,1
2025-10-29 06:15:00,59.923,59.932,59.913,59.913,59.953,59.962,59.943,59.943,4
2025-10-29 06:16:00,59.92,59.92,59.92,59.92,59.95,59.95,59.95,59.95,1
2025-10-29 06:17:00,59.918,59.947,59.918,59.93,59.948,59.977,59.948,59.96,7
2025-10-29 06:18:00,59.918,59.936,59.909,59.936,59.948,59.976,59.94,59.976,15
2025-10-29 06:19:00,59.948,59.948,59.938,59.938,59.978,59.982,59.968,59.968,10
2025-10-29 06:20:00,59.939,59.947,59.934,59.941,59.969,59.977,59.969,59.971,4
2025-10-29 06:22:00,59.934,59.957,59.933,59.957,59.974,59.987,59.969,59.987,8
2025-10-29 06:23:00,59.956,59.956,59.956,59.956,59.986,59.986,59.986,59.986,1
2025-10-29 06:24:00,59.952,59.966,59.951,59.951,59.992,59.996,59.986,59.991,10
2025-10-29 06:25:00,59.95,59.964,59.95,59.956,59.99,59.994,59.986,59.986,6
2025-10-29 06:26:00,59.955,59.956,59.943,59.955,59.985,59.986,59.983,59.985,5
2025-10-29 06:27:00,59.94,59.958,59.94,59.958,59.98,59.988,59.98,59.988,4
2025-10-29 06:28:00,59.959,59.959,59.944,59.949,59.989,59.989,59.979,59.979,6
2025-10-29 06:29:00,59.956,59.967,59.956,59.958,59.986,59.997,59.986,59.988,3
2025-10-29 06:30:00,59.964,60.0,59.963,59.993,59.994,60.03,59.994,60.023,39
2025-10-29 06:31:00,59.988,60.007,59.981,59.987,60.018,60.037,60.016,60.017,28
2025-10-29 06:32:00,59.994,59.997,59.98,59.995,60.024,60.031,60.02,60.025,9
2025-10-29 06:33:00,60.004,60.006,60.004,60.006,60.034,60.036,60.034,60.036,2
2025-10-29 06:34:00,60.008,60.022,59.986,59.998,60.038,60.052,60.016,60.028,11
2025-10-29 06:35:00,59.993,60.013,59.993,60.013,60.033,60.043,60.028,60.043,14
2025-10-29 06:36:00,60.01,60.025,60.01,60.014,60.05,60.055,60.043,60.054,13
2025-10-29 06:37:00,60.015,60.015,59.963,59.976,60.045,60.047,59.998,60.006,13
2025-10-29 06:38:00,59.971,59.998,59.971,59.998,60.011,60.028,60.007,60.028,12
2025-10-29 06:39:00,59.99,60.001,59.985,59.985,60.03,60.031,60.015,60.015,7
2025-10-29 06:40:00,59.995,60.006,59.994,60.001,60.025,60.043,60.024,60.031,7
2025-10-29 06:41:00,60.008,60.008,59.987,59.987,60.038,60.038,60.017,60.017,8
2025-10-29 06:42:00,59.994,60.046,59.994,60.027,60.024,60.076,60.024,60.067,11
2025-10-29 06:43:00,60.041,60.09,60.041,60.054,60.071,60.12,60.071,60.084,26
2025-10-29 06:44:00,60.055,60.055,60.031,60.054,60.085,60.085,60.064,60.084,21
2025-10-29 06:45:00,60.056,60.068,60.037,60.038,60.086,60.098,60.068,60.068,20
2025-10-29 06:46:00,60.048,60.057,60.027,60.028,60.078,60.087,60.058,60.068,17
2025-10-29 06:47:00,60.033,60.033,60.003,60.007,60.063,60.063,60.043,60.047,13
2025-10-29 06:48:00,60.008,60.008,59.971,59.995,60.038,60.038,60.002,60.025,17
2025-10-29 06:49:00,59.989,60.004,59.986,60.002,60.029,60.044,60.022,60.032,13
2025-10-29 06:50:00,60.005,60.005,59.963,59.963,60.045,60.045,59.993,59.993,9
2025-10-29 06:51:00,59.954,59.984,59.939,59.982,59.984,60.024,59.969,60.022,15
2025-10-29 06:52:00,59.989,60.018,59.989,60.017,60.019,60.053,60.019,60.047,10
2025-10-29 06:53:00,60.012,60.022,60.009,60.009,60.052,60.062,60.039,60.039,11
2025-10-29 06:54:00,60.004,60.009,59.999,59.999,60.044,60.044,60.029,60.029,6
2025-10-29 06:55:00,60.002,60.008,59.992,60.008,60.042,60.043,60.022,60.038,8
2025-10-29 06:56:00,60.01,60.014,60.005,60.014,60.04,60.054,60.038,60.054,10
2025-10-29 06:57:00,60.011,60.011,59.979,59.98,60.051,60.051,60.01,60.01,12
2025-10-29 06:58:00,59.98,59.995,59.979,59.994,60.02,60.035,60.01,60.024,12
2025-10-29 06:59:00,59.995,60.014,59.995,59.998,60.035,60.045,60.034,60.038,9
2025-10-29 07:00:00,59.999,60.008,59.99,60.008,60.029,60.048,60.029,60.048,4
2025-10-29 07:01:00,60.009,60.052,60.008,60.041,60.049,60.082,60.039,60.071,18
2025-10-29 07:02:00,60.031,60.041,60.031,60.041,60.061,60.071,60.061,60.071,4
2025-10-29 07:03:00,60.053,60.074,60.046,60.073,60.083,60.11,60.083,60.103,29
2025-10-29 07:04:00,60.069,60.069,60.044,60.056,60.099,60.099,60.074,60.086,13
2025-10-29 07:05:00,60.042,60.066,60.023,60.066,60.072,60.096,60.063,60.096,9
2025-10-29 07:06:00,60.053,60.102,60.051,60.088,60.093,60.132,60.091,60.128,20
2025-10-29 07:07:00,60.091,60.109,60.091,60.101,60.131,60.143,60.127,60.131,12
2025-10-29 07:08:00,60.089,60.101,60.084,60.087,60.119,60.131,60.117,60.117,12
2025-10-29 07:09:00,60.081,60.107,60.08,60.106,60.121,60.137,60.117,60.136,12
2025-10-29 07:10:00,60.107,60.122,60.092,60.113,60.137,60.152,60.132,60.143,18
2025-10-29 07:11:00,60.103,60.109,60.087,60.091,60.133,60.139,60.119,60.121,19
2025-10-29 07:12:00,60.094,60.099,60.067,60.082,60.134,60.134,60.101,60.122,11
2025-10-29 07:13:00,60.091,60.1,60.077,60.081,60.121,60.13,60.111,60.111,8
2025-10-29 07:14:00,60.069,60.094,60.068,60.092,60.109,60.127,60.108,60.122,19
2025-10-29 07:15:00,60.093,60.112,60.089,60.089,60.123,60.142,60.119,60.119,18
2025-10-29 07:16:00,60.083,60.097,60.075,60.078,60.123,60.132,60.108,60.108,13
2025-10-29 07:17:00,60.069,60.069,60.054,60.068,60.099,60.099,60.088,60.098,11
2025-10-29 07:18:00,60.075,60.075,60.052,60.052,60.105,60.105,60.092,60.092,9
2025-10-29 07:19:00,60.05,60.063,60.047,60.061,60.09,60.093,60.082,60.091,12
2025-10-29 07:20:00,60.062,60.072,60.043,60.072,60.092,60.102,60.081,60.102,16
2025-10-29 07:21:00,60.063,60.067,60.031,60.067,60.093,60.097,60.065,60.097,18
2025-10-29 07:22:00,60.077,60.095,60.077,60.095,60.107,60.125,60.107,60.125,11
2025-10-29 07:23:00,60.089,60.125,60.088,60.122,60.129,60.163,60.118,60.162,28
2025-10-29 07:24:00,60.13,60.13,60.117,60.122,60.16,60.165,60.147,60.152,18
2025-10-29 07:25:00,60.115,60.134,60.108,60.134,60.155,60.168,60.14,60.164,13
2025-10-29 07:26:00,60.136,60.142,60.091,60.094,60.176,60.178,60.121,60.134,25
2025-10-29 07:27:00,60.095,60.104,60.09,60.1,60.135,60.14,60.121,60.14,21
2025-10-29 07:28:00,60.098,60.111,60.094,60.107,60.138,60.147,60.124,60.147,12
2025-10-29 07:29:00,60.104,60.113,60.103,60.113,60.134,60.147,60.133,60.143,8
2025-10-29 07:30:00,60.107,60.114,60.094,60.099,60.147,60.15,60.124,60.139,20
2025-10-29 07:31:00,60.104,60.156,60.104,60.15,60.134,60.196,60.134,60.18,23
2025-10-29 07:32:00,60.148,60.173,60.143,60.158,60.188,60.209,60.173,60.198,26
2025-10-29 07:33:00,60.157,60.159,60.151,60.152,60.197,60.197,60.181,60.182,9
2025-10-29 07:34:00,60.155,60.172,60.136,60.145,60.195,60.205,60.172,60.175,16
2025-10-29 07:35:00,60.154,60.177,60.152,60.158,60.184,60.212,60.182,60.188,19
2025-10-29 07:36:00,60.161,60.181,60.152,60.172,60.191,60.211,60.182,60.202,18
2025-10-29 07:37:00,60.176,60.203,60.172,60.202,60.216,60.239,60.202,60.232,30
2025-10-29 07:38:00,60.21,60.221,60.179,60.182,60.24,60.256,60.209,60.222,37
2025-10-29 07:39:00,60.184,60.217,60.174,60.183,60.224,60.247,60.207,60.223,30
2025-10-29 07:40:00,60.189,60.198,60.147,60.147,60.219,60.228,60.187,60.187,32
2025-10-29 07:41:00,60.158,60.173,60.144,60.169,60.188,60.203,60.174,60.199,38
2025-10-29 07:42:00,60.156,60.171,60.146,60.157,60.196,60.206,60.179,60.197,19
2025-10-29 07:43:00,60.159,60.204,60.159,60.194,60.199,60.234,60.199,60.224,23
2025-10-29 07:44:00,60.187,60.187,60.154,60.164,60.227,60.227,60.194,60.204,22
2025-10-29 07:45:00,60.176,60.185,60.162,60.164,60.206,60.215,60.199,60.204,26
2025-10-29 07:46:00,60.169,60.18,60.163,60.163,60.199,60.213,60.199,60.203,19
2025-10-29 07:47:00,60.177,60.178,60.16,60.166,60.207,60.211,60.199,60.206,19
2025-10-29 07:48:00,60.176,60.215,60.176,60.215,60.206,60.245,60.206,60.245,18
2025-10-29 07:49:00,60.214,60.224,60.204,60.213,60.244,60.254,60.237,60.243,19
2025-10-29 07:50:00,60.202,60.221,60.2,60.209,60.242,60.252,60.236,60.239,19
2025-10-29 07:51:00,60.216,60.218,60.198,60.198,60.246,60.248,60.228,60.228,18
2025-10-29 07:52:00,60.2,60.21,60.195,60.198,60.23,60.24,60.228,60.228,13
2025-10-29 07:53:00,60.192,60.208,60.192,60.198,60.232,60.238,60.228,60.228,16
2025-10-29 07:54:00,60.195,60.198,60.181,60.187,60.225,60.231,60.217,60.217,25
2025-10-29 07:55:00,60.18,60.187,60.171,60.182,60.21,60.222,60.207,60.222,12
2025-10-29 07:56:00,60.181,60.213,60.181,60.2,60.221,60.243,60.218,60.24,19
2025-10-29 07:57:00,60.198,60.21,60.195,60.206,60.238,60.24,60.235,60.236,9
2025-10-29 07:58:00,60.199,60.206,60.173,60.185,60.229,60.236,60.206,60.215,24
2025-10-29 07:59:00,60.192,60.234,60.192,60.234,60.222,60.264,60.222,60.264,35
2025-10-29 08:00:00,60.225,60.259,60.209,60.256,60.255,60.289,60.249,60.286,25
2025-10-29 08:01:00,60.26,60.298,60.259,60.298,60.29,60.338,60.29,60.338,37
2025-10-29 08:02:00,60.301,60.31,60.298,60.298,60.341,60.346,60.328,60.328,24
2025-10-29 08:03:00,60.291,60.291,60.246,60.246,60.321,60.321,60.276,60.286,24
2025-10-29 08:04:00,60.246,60.295,60.246,60.285,60.276,60.325,60.276,60.315,24
2025-10-29 08:05:00,60.283,60.292,60.268,60.282,60.313,60.322,60.305,60.312,16
2025-10-29 08:06:00,60.284,60.284,60.269,60.274,60.314,60.314,60.304,60.304,16
2025-10-29 08:07:00,60.281,60.313,60.281,60.312,60.311,60.343,60.311,60.342,24
2025-10-29 08:08:00,60.313,60.341,60.31,60.324,60.343,60.371,60.343,60.354,26
2025-10-29 08:09:00,60.322,60.324,60.294,60.31,60.352,60.354,60.324,60.35,22
2025-10-29 08:10:00,60.307,60.346,60.307,60.315,60.347,60.376,60.345,60.345,41
2025-10-29 08:11:00,60.301,60.314,60.289,60.294,60.341,60.344,60.324,60.324,17
2025-10-29 08:12:00,60.292,60.325,60.278,60.324,60.322,60.355,60.314,60.354,32
2025-10-29 08:13:00,60.31,60.354,60.309,60.343,60.35,60.394,60.343,60.373,41
2025-10-29 08:14:00,60.345,60.361,60.308,60.353,60.375,60.391,60.34,60.383,28
2025-10-29 08:15:00,60.354,60.377,60.341,60.372,60.384,60.416,60.378,60.412,33
2025-10-29 08:16:00,60.365,60.396,60.348,60.38,60.395,60.427,60.381,60.42,46
2025-10-29 08:17:00,60.38,60.414,60.365,60.365,60.41,60.451,60.395,60.395,30
2025-10-29 08:18:00,60.373,60.373,60.309,60.325,60.403,60.404,60.345,60.355,33
2025-10-29 08:19:00,60.324,60.346,60.319,60.334,60.354,60.376,60.354,60.364,29
2025-10-29 08:20:00,60.333,60.353,60.327,60.353,60.363,60.383,60.363,60.383,26
2025-10-29 08:21:00,60.344,60.344,60.317,60.342,60.374,60.376,60.352,60.372,19
2025-10-29 08:22:00,60.343,60.344,60.305,60.313,60.373,60.374,60.335,60.343,28
2025-10-29 08:23:00,60.314,60.334,60.261,60.267,60.344,60.364,60.295,60.297,50
2025-10-29 08:24:00,60.258,60.274,60.243,60.274,60.288,60.304,60.278,60.304,45
2025-10-29 08:25:00,60.276,60.292,60.242,60.245,60.306,60.322,60.272,60.275,22
2025-10-29 08:26:00,60.254,60.261,60.189,60.189,60.284,60.291,60.219,60.219,28
2025-10-29 08:27:00,60.177,60.18,60.16,60.168,60.217,60.217,60.194,60.198,24
2025-10-29 08:28:00,60.163,60.178,60.124,60.141,60.203,60.208,60.164,60.171,33
2025-10-29 08:29:00,60.131,60.147,60.111,60.111,60.161,60.177,60.141,60.141,35
2025-10-29 08:30:00,60.12,60.171,60.118,60.161,60.15,60.201,60.148,60.191,38
2025-10-29 08:31:00,60.169,60.19,60.165,60.18,60.199,60.221,60.199,60.21,31
2025-10-29 08:32:00,60.183,60.19,60.175,60.189,60.213,60.223,60.205,60.219,14
2025-10-29 08:33:00,60.181,60.241,60.181,60.222,60.211,60.276,60.211,60.252,28
2025-10-29 08:34:00,60.221,60.261,60.221,60.261,60.251,60.291,60.251,60.291,18
2025-10-29 08:35:00,60.27,60.29,60.261,60.261,60.3,60.325,60.291,60.291,20
2025-10-29 08:36:00,60.26,60.26,60.228,60.229,60.29,60.295,60.258,60.259,25
2025-10-29 08:37:00,60.231,60.252,60.226,60.242,60.271,60.292,60.256,60.282,23
2025-10-29 08:38:00,60.239,60.25,60.224,60.224,60.279,60.29,60.254,60.254,19
2025-10-29 08:39:00,60.225,60.231,60.204,60.229,60.265,60.265,60.236,60.259,17
2025-10-29 08:40:00,60.224,60.236,60.224,60.229,60.264,60.266,60.258,60.259,8
2025-10-29 08:41:00,60.236,60.274,60.229,60.274,60.266,60.304,60.265,60.304,19
2025-10-29 08:42:00,60.26,60.284,60.258,60.27,60.3,60.314,60.294,60.31,17
2025-10-29 08:43:00,60.283,60.285,60.203,60.209,60.313,60.315,60.237,60.239,34
2025-10-29 08:44:00,60.211,60.227,60.201,60.225,60.241,60.265,60.237,60.265,31
2025-10-29 08:45:00,60.227,60.248,60.224,60.226,60.257,60.278,60.254,60.256,18
2025-10-29 08:46:00,60.228,60.239,60.218,60.223,60.258,60.269,60.248,60.263,18
2025-10-29 08:47:00,60.23,60.258,60.223,60.258,60.26,60.288,60.253,60.288,17
2025-10-29 08:48:00,60.254,60.254,60.224,60.225,60.294,60.294,60.254,60.255,21
2025-10-29 08:49:00,60.232,60.238,60.225,60.235,60.262,60.278,60.255,60.265,15
2025-10-29 08:50:00,60.234,60.274,60.226,60.226,60.264,60.308,60.264,60.266,35
2025-10-29 08:51:00,60.227,60.227,60.161,60.161,60.257,60.263,60.191,60.191,27
2025-10-29 08:52:00,60.163,60.227,60.163,60.197,60.193,60.257,60.193,60.227,31
2025-10-29 08:53:00,60.196,60.208,60.19,60.196,60.236,60.239,60.22,60.226,28
2025-10-29 08:54:00,60.197,60.197,60.17,60.172,60.227,60.227,60.201,60.212,26
2025-10-29 08:55:00,60.179,60.194,60.169,60.193,60.209,60.224,60.199,60.223,16
2025-10-29 08:56:00,60.19,60.213,60.179,60.202,60.22,60.243,60.209,60.232,16
2025-10-29 08:57:00,60.2,60.226,60.2,60.223,60.23,60.263,60.23,60.263,25
2025-10-29 08:58:00,60.22,60.24,60.204,60.204,60.25,60.27,60.239,60.244,24
2025-10-29 08:59:00,60.207,60.211,60.162,60.162,60.237,60.244,60.192,60.192,28
2025-10-29 09:00:00,60.171,60.19,60.043,60.073,60.201,60.22,60.073,60.113,76
2025-10-29 09:01:00,60.075,60.098,60.032,60.06,60.115,60.133,60.062,60.1,76
2025-10-29 09:02:00,60.055,60.078,60.028,60.059,60.085,60.112,60.059,60.089,62
2025-10-29 09:03:00,60.063,60.1,60.05,60.09,60.103,60.134,60.08,60.12,39
2025-10-29 09:04:00,60.099,60.121,60.092,60.111,60.129,60.156,60.122,60.141,39
2025-10-29 09:05:00,60.1,60.102,60.09,60.102,60.13,60.136,60.12,60.132,11
2025-10-29 09:06:00,60.103,60.122,60.064,60.1,60.133,60.158,60.094,60.13,23
2025-10-29 09:07:00,60.099,60.1,60.071,60.071,60.129,60.135,60.101,60.101,24
2025-10-29 09:08:00,60.07,60.07,59.955,59.97,60.1,60.1,59.995,60.0,58
2025-10-29 09:09:00,59.969,60.022,59.967,60.022,59.999,60.052,59.999,60.052,50
2025-10-29 09:10:00,60.021,60.033,59.968,59.972,60.051,60.063,60.001,60.002,60
2025-10-29 09:11:00,59.974,60.035,59.974,60.025,60.004,60.069,60.004,60.055,37
2025-10-29 09:12:00,60.03,60.033,60.011,60.018,60.06,60.069,60.043,60.058,31
2025-10-29 09:13:00,60.022,60.053,60.015,60.025,60.052,60.083,60.045,60.055,37
2025-10-29 09:14:00,60.015,60.015,59.996,59.996,60.045,60.051,60.026,60.026,25
2025-10-29 09:15:00,60.004,60.006,59.984,59.993,60.034,60.039,60.014,60.023,14
2025-10-29 09:16:00,59.973,59.973,59.908,59.939,60.003,60.008,59.939,59.969,69
2025-10-29 09:17:00,59.942,59.942,59.867,59.879,59.972,59.972,59.897,59.909,55
2025-10-29 09:18:00,59.874,59.89,59.869,59.88,59.914,59.92,59.899,59.91,41
2025-10-29 09:19:00,59.879,59.879,59.777,59.794,59.909,59.909,59.813,59.824,90
2025-10-29 09:20:00,59.793,59.801,59.74,59.782,59.823,59.832,59.775,59.812,59
2025-10-29 09:21:00,59.792,59.84,59.751,59.83,59.822,59.875,59.781,59.86,76
2025-10-29 09:22:00,59.829,59.839,59.781,59.81,59.859,59.869,59.811,59.84,34
2025-10-29 09:23:00,59.802,59.839,59.771,59.831,59.832,59.875,59.801,59.861,48
2025-10-29 09:24:00,59.841,59.89,59.832,59.89,59.871,59.925,59.862,59.92,37
2025-10-29 09:25:00,59.9,59.917,59.868,59.872,59.93,59.954,59.898,59.912,60
2025-10-29 09:26:00,59.869,59.885,59.827,59.844,59.899,59.915,59.857,59.874,65
2025-10-29 09:27:00,59.852,59.852,59.776,59.814,59.882,59.882,59.814,59.844,74
2025-10-29 09:28:00,59.802,59.802,59.742,59.778,59.832,59.832,59.776,59.808,96
2025-10-29 09:29:00,59.769,59.769,59.604,59.651,59.799,59.799,59.637,59.681,207
2025-10-29 09:30:00,59.644,59.669,59.604,59.621,59.684,59.699,59.635,59.651,149
2025-10-29 09:31:00,59.628,59.747,59.609,59.73,59.658,59.777,59.639,59.76,90
2025-10-29 09:32:00,59.736,59.767,59.676,59.701,59.766,59.803,59.706,59.741,97
2025-10-29 09:33:00,59.7,59.722,59.651,59.687,59.74,59.762,59.681,59.717,67
2025-10-29 09:34:00,59.688,59.74,59.688,59.734,59.718,59.775,59.718,59.774,42
2025-10-29 09:35:00,59.731,59.733,59.679,59.704,59.761,59.773,59.709,59.744,29
2025-10-29 09:36:00,59.699,59.733,59.678,59.706,59.729,59.763,59.713,59.736,51
2025-10-29 09:37:00,59.694,59.723,59.683,59.683,59.724,59.753,59.713,59.713,41
2025-10-29 09:38:00,59.682,59.75,59.682,59.736,59.712,59.786,59.712,59.776,47
2025-10-29 09:39:00,59.743,59.802,59.741,59.758,59.773,59.832,59.771,59.788,55
2025-10-29 09:40:00,59.768,59.768,59.714,59.736,59.798,59.798,59.748,59.766,53
2025-10-29 09:41:00,59.725,59.739,59.701,59.723,59.765,59.771,59.731,59.753,48
2025-10-29 09:42:00,59.718,59.786,59.718,59.781,59.758,59.826,59.75,59.811,57
2025-10-29 09:43:00,59.771,59.812,59.77,59.812,59.801,59.846,59.8,59.842,40
2025-10-29 09:44:00,59.807,59.807,59.731,59.772,59.847,59.847,59.761,59.802,47
2025-10-29 09:45:00,59.764,59.772,59.732,59.74,59.794,59.807,59.762,59.77,31
2025-10-29 09:46:00,59.741,59.742,59.678,59.682,59.771,59.778,59.708,59.712,53
2025-10-29 09:47:00,59.68,59.68,59.619,59.647,59.71,59.71,59.652,59.677,46
2025-10-29 09:48:00,59.65,59.723,59.65,59.723,59.68,59.759,59.68,59.753,45
2025-10-29 09:49:00,59.719,59.743,59.703,59.733,59.759,59.779,59.733,59.763,57
2025-10-29 09:50:00,59.74,59.741,59.683,59.711,59.77,59.771,59.713,59.751,35
2025-10-29 09:51:00,59.715,59.743,59.693,59.694,59.745,59.783,59.723,59.724,42
2025-10-29 09:52:00,59.69,59.719,59.675,59.679,59.73,59.759,59.705,59.709,51
2025-10-29 09:53:00,59.676,59.727,59.676,59.711,59.706,59.757,59.706,59.751,34
2025-10-29 09:54:00,59.707,59.716,59.635,59.639,59.737,59.752,59.665,59.679,49
2025-10-29 09:55:00,59.638,59.697,59.638,59.666,59.668,59.729,59.668,59.696,29
2025-10-29 09:56:00,59.662,59.694,59.618,59.692,59.692,59.731,59.648,59.722,43
2025-10-29 09:57:00,59.696,59.742,59.696,59.71,59.736,59.772,59.733,59.74,48
2025-10-29 09:58:00,59.707,59.713,59.64,59.675,59.747,59.747,59.67,59.715,85
2025-10-29 09:59:00,59.68,59.694,59.627,59.636,59.71,59.724,59.657,59.666,36
2025-10-29 10:00:00,59.647,59.663,59.636,59.642,59.677,59.703,59.666,59.672,54
2025-10-29 10:01:00,59.643,59.653,59.627,59.645,59.673,59.686,59.657,59.675,39
2025-10-29 10:02:00,59.643,59.694,59.643,59.694,59.673,59.724,59.673,59.724,34
2025-10-29 10:03:00,59.695,59.81,59.69,59.781,59.735,59.84,59.72,59.811,61
2025-10-29 10:04:00,59.783,59.846,59.775,59.837,59.813,59.883,59.805,59.867,50
2025-10-29 10:05:00,59.832,59.863,59.816,59.861,59.872,59.898,59.847,59.891,83
2025-10-29 10:06:00,59.855,59.9,59.816,59.9,59.895,59.93,59.846,59.93,65
2025-10-29 10:07:00,59.899,59.932,59.89,59.912,59.929,59.962,59.92,59.942,60
2025-10-29 10:08:00,59.907,59.925,59.827,59.827,59.937,59.96,59.867,59.867,50
2025-10-29 10:09:00,59.832,59.855,59.819,59.831,59.862,59.885,59.854,59.861,45
2025-10-29 10:10:00,59.824,59.865,59.793,59.801,59.864,59.895,59.828,59.841,39
2025-10-29 10:11:00,59.811,59.86,59.795,59.848,59.841,59.89,59.826,59.888,44
2025-10-29 10:12:00,59.846,59.884,59.839,59.864,59.886,59.923,59.874,59.894,44
2025-10-29 10:13:00,59.867,59.9,59.864,59.875,59.907,59.93,59.894,59.915,47
2025-10-29 10:14:00,59.874,59.888,59.836,59.85,59.914,59.918,59.87,59.88,38
2025-10-29 10:15:00,59.845,59.875,59.845,59.851,59.885,59.905,59.881,59.881,29
2025-10-29 10:16:00,59.861,59.861,59.844,59.846,59.891,59.891,59.88,59.886,33
2025-10-29 10:17:00,59.859,59.874,59.833,59.844,59.889,59.904,59.873,59.874,25
2025-10-29 10:18:00,59.851,59.854,59.815,59.844,59.881,59.884,59.852,59.874,28
2025-10-29 10:19:00,59.843,59.877,59.838,59.857,59.873,59.907,59.868,59.887,37
2025-10-29 10:20:00,59.855,59.872,59.834,59.841,59.885,59.911,59.864,59.871,44
2025-10-29 10:21:00,59.842,59.842,59.808,59.837,59.872,59.872,59.847,59.867,29
2025-10-29 10:22:00,59.841,59.863,59.837,59.841,59.871,59.897,59.871,59.871,22
2025-10-29 10:23:00,59.844,59.849,59.802,59.812,59.884,59.885,59.832,59.842,38
2025-10-29 10:24:00,59.811,59.851,59.811,59.836,59.841,59.883,59.841,59.876,36
2025-10-29 10:25:00,59.827,59.852,59.821,59.837,59.867,59.882,59.855,59.877,29
2025-10-29 10:26:00,59.851,59.861,59.825,59.825,59.881,59.891,59.855,59.855,26
2025-10-29 10:27:00,59.824,59.849,59.817,59.848,59.854,59.879,59.854,59.878,20
2025-10-29 10:28:00,59.84,59.867,59.822,59.83,59.87,59.897,59.859,59.86,41
2025-10-29 10:29:00,59.822,59.838,59.822,59.837,59.862,59.868,59.857,59.867,20
2025-10-29 10:30:00,59.838,59.876,59.832,59.876,59.878,59.906,59.868,59.906,23
2025-10-29 10:31:00,59.874,59.96,59.874,59.949,59.904,59.99,59.904,59.979,49
2025-10-29 10:32:00,59.941,60.016,59.941,60.007,59.971,60.046,59.971,60.037,54
2025-10-29 10:33:00,60.009,60.062,59.984,60.041,60.039,60.092,60.024,60.071,44
2025-10-29 10:34:00,60.028,60.036,59.993,60.013,60.068,60.068,60.028,60.043,44
2025-10-29 10:35:00,60.009,60.053,59.976,59.976,60.049,60.083,60.006,60.006,61
2025-10-29 10:36:00,59.97,59.987,59.935,59.948,60.01,60.022,59.975,59.988,58
2025-10-29 10:37:00,59.954,60.022,59.939,60.022,59.984,60.062,59.979,60.062,41
2025-10-29 10:38:00,60.041,60.093,60.028,60.087,60.071,60.123,60.06,60.117,60
2025-10-29 10:39:00,60.08,60.093,60.059,60.07,60.11,60.123,60.092,60.1,41
2025-10-29 10:40:00,60.064,60.089,60.036,60.043,60.104,60.125,60.071,60.073,51
2025-10-29 10:41:00,60.04,60.052,60.019,60.039,60.07,60.082,60.059,60.079,41
2025-10-29 10:42:00,60.052,60.1,60.038,60.091,60.082,60.13,60.078,60.121,32
2025-10-29 10:43:00,60.087,60.14,60.084,60.116,60.127,60.176,60.12,60.156,43
2025-10-29 10:44:00,60.121,60.146,60.086,60.12,60.151,60.176,60.116,60.15,58
2025-10-29 10:45:00,60.121,60.13,60.09,60.099,60.151,60.16,60.12,60.129,42
2025-10-29 10:46:00,60.086,60.136,60.086,60.136,60.126,60.166,60.119,60.166,33
2025-10-29 10:47:00,60.132,60.239,60.132,60.216,60.172,60.273,60.167,60.246,62
2025-10-29 10:48:00,60.213,60.25,60.207,60.22,60.253,60.28,60.237,60.26,62
2025-10-29 10:49:00,60.233,60.234,60.187,60.187,60.263,60.264,60.217,60.217,39
2025-10-29 10:50:00,60.197,60.212,60.16,60.176,60.227,60.242,60.197,60.206,44
2025-10-29 10:51:00,60.162,60.173,60.117,60.139,60.202,60.203,60.157,60.179,51
2025-10-29 10:52:00,60.149,60.158,60.124,60.139,60.179,60.193,60.154,60.169,44
2025-10-29 10:53:00,60.149,60.158,60.13,60.144,60.179,60.193,60.168,60.174,23
2025-10-29 10:54:00,60.142,60.148,60.112,60.134,60.172,60.178,60.152,60.174,27
2025-10-29 10:55:00,60.148,60.159,60.1,60.106,60.178,60.194,60.135,60.136,39
2025-10-29 10:56:00,60.093,60.106,60.061,60.07,60.133,60.136,60.091,60.1,37
2025-10-29 10:57:00,60.068,60.068,60.002,60.018,60.098,60.098,60.039,60.048,30
2025-10-29 10:58:00,60.012,60.041,59.996,60.041,60.052,60.081,60.036,60.081,34
2025-10-29 10:59:00,60.049,60.075,60.036,60.072,60.079,60.115,60.066,60.102,31
2025-10-29 11:00:00,60.079,60.113,60.046,60.062,60.109,60.143,60.076,60.092,49
2025-10-29 11:01:00,60.058,60.062,60.046,60.046,60.098,60.098,60.076,60.076,21
2025-10-29 11:02:00,60.039,60.039,60.01,60.021,60.069,60.073,60.04,60.051,39
2025-10-29 11:03:00,60.023,60.03,59.996,60.009,60.053,60.06,60.03,60.039,33
2025-10-29 11:04:00,60.002,60.038,59.966,60.02,60.032,60.068,60.006,60.05,46
2025-10-29 11:05:00,60.011,60.033,60.004,60.033,60.041,60.071,60.038,60.063,37
2025-10-29 11:06:00,60.03,60.043,60.03,60.043,60.07,60.076,60.065,60.073,16
2025-10-29 11:07:00,60.045,60.122,60.044,60.11,60.075,60.162,60.075,60.15,52
2025-10-29 11:08:00,60.109,60.12,60.063,60.063,60.139,60.15,60.093,60.093,30
2025-10-29 11:09:00,60.075,60.087,60.045,60.084,60.105,60.127,60.075,60.114,22
2025-10-29 11:10:00,60.076,60.089,60.066,60.087,60.106,60.119,60.099,60.117,21
2025-10-29 11:11:00,60.086,60.106,60.076,60.091,60.116,60.136,60.116,60.121,24
2025-10-29 11:12:00,60.089,60.099,60.06,60.072,60.119,60.135,60.1,60.112,27
2025-10-29 11:13:00,60.07,60.073,60.034,60.067,60.11,60.11,60.074,60.097,32
2025-10-29 11:14:00,60.064,60.067,60.041,60.045,60.104,60.104,60.075,60.075,28
2025-10-29 11:15:00,60.041,60.053,60.031,60.031,60.081,60.083,60.061,60.061,13
2025-10-29 11:16:00,60.03,60.031,59.984,59.988,60.06,60.061,60.018,60.018,23
2025-10-29 11:17:00,59.995,60.006,59.98,59.98,60.025,60.036,60.01,60.01,35
2025-10-29 11:18:00,59.963,59.995,59.962,59.976,60.003,60.025,59.995,60.006,38
2025-10-29 11:19:00,59.97,60.095,59.97,60.095,60.01,60.125,60.01,60.125,38
2025-10-29 11:20:00,60.099,60.099,60.047,60.047,60.129,60.129,60.077,60.077,28
2025-10-29 11:21:00,60.054,60.084,60.044,60.056,60.084,60.114,60.077,60.096,35
2025-10-29 11:22:00,60.069,60.069,60.014,60.034,60.099,60.099,60.054,60.074,38
2025-10-29 11:23:00,60.04,60.06,60.023,60.053,60.07,60.09,60.057,60.083,37
2025-10-29 11:24:00,60.05,60.082,60.041,60.074,60.08,60.112,60.077,60.104,25
2025-10-29 11:25:00,60.085,60.097,60.079,60.089,60.115,60.127,60.114,60.119,30
2025-10-29 11:26:00,60.092,60.131,60.09,60.127,60.132,60.164,60.121,60.157,28
2025-10-29 11:27:00,60.129,60.166,60.111,60.118,60.159,60.206,60.149,60.158,34
2025-10-29 11:28:00,60.126,60.155,60.119,60.119,60.156,60.185,60.155,60.159,29
2025-10-29 11:29:00,60.124,60.165,60.124,60.154,60.154,60.195,60.154,60.184,28
2025-10-29 11:30:00,60.161,60.161,60.119,60.122,60.191,60.191,60.152,60.152,24
2025-10-29 11:31:00,60.115,60.133,60.099,60.124,60.145,60.163,60.139,60.154,37
2025-10-29 11:32:00,60.119,60.145,60.109,60.137,60.159,60.179,60.145,60.167,32
2025-10-29 11:33:00,60.129,60.146,60.073,60.079,60.169,60.18,60.108,60.109,37
2025-10-29 11:34:00,60.074,60.101,60.072,60.092,60.114,60.131,60.107,60.122,25
2025-10-29 11:35:00,60.095,60.095,60.082,60.092,60.125,60.125,60.115,60.122,13
2025-10-29 11:36:00,60.095,60.102,60.082,60.085,60.125,60.132,60.114,60.115,11
2025-10-29 11:37:00,60.095,60.099,60.078,60.091,60.125,60.129,60.111,60.121,21
2025-10-29 11:38:00,60.093,60.093,60.046,60.05,60.123,60.123,60.08,60.08,23
2025-10-29 11:39:00,60.064,60.14,60.045,60.129,60.094,60.17,60.085,60.169,40
2025-10-29 11:40:00,60.14,60.213,60.128,60.213,60.17,60.243,60.159,60.243,40
2025-10-29 11:41:00,60.205,60.206,60.175,60.203,60.235,60.242,60.205,60.233,50
2025-10-29 11:42:00,60.204,60.262,60.194,60.253,60.234,60.292,60.224,60.283,47
2025-10-29 11:43:00,60.26,60.271,60.237,60.239,60.29,60.301,60.273,60.279,32
2025-10-29 11:44:00,60.238,60.253,60.178,60.179,60.278,60.287,60.218,60.219,35
2025-10-29 11:45:00,60.173,60.233,60.166,60.213,60.203,60.263,60.196,60.243,33
2025-10-29 11:46:00,60.206,60.213,60.197,60.213,60.236,60.251,60.232,60.243,18
2025-10-29 11:47:00,60.22,60.25,60.218,60.24,60.25,60.28,60.25,60.27,17
2025-10-29 11:48:00,60.233,60.269,60.227,60.243,60.263,60.303,60.263,60.283,32
2025-10-29 11:49:00,60.24,60.256,60.222,60.236,60.27,60.296,60.262,60.276,28
2025-10-29 11:50:00,60.246,60.262,60.214,60.249,60.276,60.292,60.244,60.289,25
2025-10-29 11:51:00,60.253,60.262,60.237,60.24,60.283,60.292,60.27,60.27,24
2025-10-29 11:52:00,60.249,60.262,60.23,60.252,60.279,60.295,60.27,60.282,21
2025-10-29 11:53:00,60.253,60.266,60.2,60.203,60.283,60.296,60.233,60.233,39
2025-10-29 11:54:00,60.2,60.224,60.196,60.213,60.24,60.26,60.226,60.243,17
2025-10-29 11:55:00,60.207,60.226,60.197,60.215,60.247,60.256,60.233,60.245,32
2025-10-29 11:56:00,60.21,60.234,60.18,60.183,60.25,60.264,60.213,60.213,33
2025-10-29 11:57:00,60.193,60.2,60.177,60.192,60.223,60.23,60.212,60.222,29
2025-10-29 11:58:00,60.202,60.262,60.187,60.262,60.232,60.292,60.223,60.292,31
2025-10-29 11:59:00,60.253,60.272,60.235,60.247,60.283,60.302,60.265,60.277,27
2025-10-29 12:00:00,60.217,60.223,60.174,60.184,60.247,60.253,60.214,60.214,31
2025-10-29 12:01:00,60.185,60.213,60.185,60.199,60.215,60.243,60.215,60.239,15
2025-10-29 12:02:00,60.213,60.231,60.198,60.203,60.243,60.261,60.233,60.233,26
2025-10-29 12:03:00,60.204,60.235,60.187,60.232,60.234,60.265,60.225,60.262,23
2025-10-29 12:04:00,60.233,60.233,60.207,60.233,60.263,60.268,60.247,60.263,24
2025-10-29 12:05:00,60.242,60.244,60.205,60.23,60.272,60.274,60.245,60.26,32
2025-10-29 12:06:00,60.232,60.242,60.218,60.233,60.262,60.272,60.258,60.263,14
2025-10-29 12:07:00,60.228,60.253,60.215,60.228,60.268,60.283,60.255,60.258,15
2025-10-29 12:08:00,60.224,60.241,60.22,60.232,60.264,60.271,60.26,60.262,22
2025-10-29 12:09:00,60.24,60.245,60.22,60.242,60.27,60.28,60.253,60.272,25
2025-10-29 12:10:00,60.24,60.241,60.214,60.241,60.27,60.271,60.251,60.271,34
2025-10-29 12:11:00,60.234,60.234,60.19,60.192,60.264,60.271,60.23,60.232,24
2025-10-29 12:12:00,60.19,60.212,60.18,60.18,60.23,60.242,60.214,60.22,26
2025-10-29 12:13:00,60.186,60.209,60.173,60.208,60.216,60.239,60.203,60.238,42
2025-10-29 12:14:00,60.198,60.205,60.186,60.188,60.228,60.237,60.218,60.218,20
2025-10-29 12:15:00,60.179,60.209,60.172,60.209,60.209,60.239,60.203,60.239,14
2025-10-29 12:16:00,60.219,60.244,60.219,60.23,60.249,60.284,60.249,60.26,32
2025-10-29 12:17:00,60.233,60.286,60.233,60.282,60.273,60.32,60.267,60.312,27
2025-10-29 12:18:00,60.281,60.298,60.272,60.298,60.311,60.328,60.302,60.328,24
2025-10-29 12:19:00,60.306,60.332,60.3,60.315,60.336,60.366,60.332,60.345,45
2025-10-29 12:20:00,60.322,60.332,60.302,60.328,60.352,60.369,60.332,60.358,33
2025-10-29 12:21:00,60.331,60.358,60.322,60.345,60.361,60.39,60.352,60.375,22
2025-10-29 12:22:00,60.354,60.361,60.315,60.358,60.384,60.391,60.345,60.388,35
2025-10-29 12:23:00,60.359,60.379,60.346,60.351,60.389,60.409,60.378,60.381,38
2025-10-29 12:24:00,60.35,60.371,60.349,60.349,60.38,60.401,60.379,60.379,40
2025-10-29 12:25:00,60.348,60.367,60.333,60.352,60.378,60.397,60.369,60.392,34
2025-10-29 12:26:00,60.357,60.38,60.349,60.351,60.387,60.413,60.379,60.381,26
2025-10-29 12:27:00,60.349,60.371,60.337,60.355,60.379,60.401,60.377,60.385,37
2025-10-29 12:28:00,60.353,60.359,60.331,60.334,60.383,60.389,60.37,60.374,45
2025-10-29 12:29:00,60.335,60.35,60.32,60.32,60.375,60.38,60.35,60.35,36
2025-10-29 12:30:00,60.322,60.339,60.248,60.28,60.352,60.369,60.288,60.31,42
2025-10-29 12:31:00,60.281,60.323,60.278,60.313,60.311,60.359,60.308,60.343,24
2025-10-29 12:32:00,60.322,60.347,60.322,60.34,60.352,60.377,60.352,60.37,26
2025-10-29 12:33:00,60.338,60.358,60.325,60.34,60.368,60.388,60.358,60.37,23
2025-10-29 12:34:00,60.339,60.339,60.327,60.328,60.369,60.374,60.357,60.358,8
2025-10-29 12:35:00,60.329,60.329,60.276,60.28,60.359,60.359,60.31,60.31,13
2025-10-29 12:36:00,60.27,60.278,60.261,60.269,60.3,60.308,60.291,60.299,25
2025-10-29 12:37:00,60.277,60.289,60.263,60.263,60.307,60.319,60.297,60.303,28
2025-10-29 12:38:00,60.274,60.286,60.263,60.279,60.304,60.316,60.297,60.309,19
2025-10-29 12:39:00,60.28,60.289,60.236,60.243,60.31,60.319,60.272,60.273,36
2025-10-29 12:40:00,60.25,60.287,60.24,60.276,60.28,60.317,60.27,60.316,22
2025-10-29 12:41:00,60.29,60.31,60.267,60.267,60.32,60.34,60.304,60.307,10
2025-10-29 12:42:00,60.266,60.3,60.266,60.288,60.306,60.33,60.302,60.318,22
2025-10-29 12:43:00,60.289,60.298,60.247,60.262,60.319,60.328,60.282,60.292,25
2025-10-29 12:44:00,60.263,60.286,60.249,60.255,60.293,60.316,60.285,60.285,32
2025-10-29 12:45:00,60.254,60.285,60.254,60.28,60.284,60.315,60.284,60.31,17
2025-10-29 12:46:00,60.278,60.282,60.257,60.269,60.318,60.318,60.291,60.299,15
2025-10-29 12:47:00,60.267,60.283,60.259,60.278,60.297,60.313,60.289,60.308,21
2025-10-29 12:48:00,60.27,60.271,60.252,60.254,60.3,60.302,60.282,60.294,18
2025-10-29 12:49:00,60.251,60.308,60.251,60.295,60.291,60.345,60.291,60.335,25
2025-10-29 12:50:00,60.291,60.3,60.272,60.282,60.331,60.332,60.302,60.312,34
2025-10-29 12:51:00,60.289,60.295,60.276,60.289,60.319,60.327,60.306,60.319,24
2025-10-29 12:52:00,60.286,60.287,60.247,60.261,60.316,60.317,60.285,60.291,26
2025-10-29 12:53:00,60.264,60.273,60.256,60.256,60.294,60.303,60.293,60.296,13
2025-10-29 12:54:00,60.262,60.3,60.256,60.291,60.292,60.33,60.292,60.321,18
2025-10-29 12:55:00,60.298,60.303,60.276,60.288,60.328,60.333,60.312,60.328,31
2025-10-29 12:56:00,60.3,60.303,60.247,60.247,60.33,60.333,60.277,60.277,32
2025-10-29 12:57:00,60.24,60.269,60.216,60.257,60.27,60.299,60.25,60.297,34
2025-10-29 12:58:00,60.263,60.272,60.236,60.242,60.293,60.302,60.272,60.272,39
2025-10-29 12:59:00,60.236,60.251,60.226,60.25,60.276,60.281,60.26,60.28,19
2025-10-29 13:00:00,60.251,60.251,60.186,60.222,60.281,60.281,60.216,60.252,39
2025-10-29 13:01:00,60.201,60.235,60.198,60.208,60.241,60.265,60.234,60.238,27
2025-10-29 13:02:00,60.215,60.226,60.196,60.214,60.245,60.256,60.226,60.254,21
2025-10-29 13:03:00,60.213,60.223,60.108,60.119,60.253,60.263,60.142,60.159,58
2025-10-29 13:04:00,60.131,60.166,60.106,60.16,60.161,60.201,60.136,60.19,37
2025-10-29 13:05:00,60.167,60.17,60.133,60.133,60.197,60.205,60.163,60.163,17
2025-10-29 13:06:00,60.135,60.158,60.117,60.158,60.165,60.188,60.147,60.188,24
2025-10-29 13:07:00,60.144,60.213,60.144,60.209,60.184,60.243,60.177,60.239,33
2025-10-29 13:08:00,60.21,60.21,60.164,60.19,60.24,60.24,60.195,60.22,28
2025-10-29 13:09:00,60.192,60.219,60.182,60.192,60.222,60.249,60.218,60.222,33
2025-10-29 13:10:00,60.191,60.191,60.12,60.12,60.221,60.221,60.152,60.16,26
2025-10-29 13:11:00,60.115,60.115,60.071,60.086,60.145,60.149,60.108,60.116,45
2025-10-29 13:12:00,60.088,60.096,60.06,60.078,60.118,60.126,60.09,60.108,24
2025-10-29 13:13:00,60.087,60.092,60.061,60.079,60.117,60.131,60.099,60.109,37
2025-10-29 13:14:00,60.08,60.109,60.07,60.099,60.11,60.141,60.1,60.129,23
2025-10-29 13:15:00,60.1,60.1,60.07,60.08,60.13,60.13,60.1,60.12,20
2025-10-29 13:16:00,60.081,60.092,60.071,60.092,60.121,60.123,60.102,60.122,17
2025-10-29 13:17:00,60.082,60.092,60.063,60.082,60.112,60.122,60.102,60.112,17
2025-10-29 13:18:00,60.089,60.092,60.081,60.092,60.119,60.123,60.112,60.122,27
2025-10-29 13:19:00,60.082,60.092,60.071,60.072,60.112,60.123,60.102,60.102,24
2025-10-29 13:20:00,60.07,60.089,60.032,60.032,60.1,60.121,60.062,60.062,28
2025-10-29 13:21:00,60.025,60.035,60.014,60.032,60.055,60.066,60.045,60.062,37
2025-10-29 13:22:00,60.014,60.033,60.012,60.012,60.054,60.063,60.042,60.042,21
2025-10-29 13:23:00,60.013,60.013,59.946,59.963,60.043,60.043,59.98,59.993,29
2025-10-29 13:24:00,59.96,60.001,59.948,60.001,59.99,60.031,59.978,60.031,45
2025-10-29 13:25:00,59.991,59.992,59.966,59.977,60.021,60.027,59.996,60.007,43
2025-10-29 13:26:00,59.978,60.042,59.969,60.027,60.008,60.077,60.008,60.067,41
2025-10-29 13:27:00,60.023,60.032,59.983,60.023,60.053,60.068,60.013,60.053,28
2025-10-29 13:28:00,60.016,60.018,59.994,59.994,60.046,60.058,60.024,60.024,31
2025-10-29 13:29:00,59.993,59.993,59.945,59.955,60.023,60.023,59.975,59.985,35
2025-10-29 13:30:00,59.962,60.003,59.949,60.003,59.992,60.039,59.984,60.033,34
2025-10-29 13:31:00,60.004,60.024,59.983,60.019,60.034,60.059,60.013,60.059,33
2025-10-29 13:32:00,60.016,60.054,60.006,60.051,60.046,60.089,60.036,60.081,32
2025-10-29 13:33:00,60.046,60.046,60.023,60.032,60.076,60.077,60.053,60.062,34
2025-10-29 13:34:00,60.031,60.042,60.021,60.038,60.061,60.075,60.051,60.068,36
2025-10-29 13:35:00,60.04,60.068,60.024,60.024,60.07,60.098,60.064,60.064,47
2025-10-29 13:36:00,60.026,60.051,59.993,60.041,60.056,60.084,60.023,60.071,34
2025-10-29 13:37:00,60.042,60.073,60.021,60.033,60.072,60.111,60.051,60.073,31
2025-10-29 13:38:00,60.039,60.04,60.021,60.04,60.069,60.075,60.051,60.07,23
2025-10-29 13:39:00,60.043,60.067,60.043,60.059,60.083,60.103,60.078,60.089,25
2025-10-29 13:40:00,60.06,60.077,60.04,60.071,60.09,60.115,60.07,60.101,43
2025-10-29 13:41:00,60.07,60.086,60.05,60.05,60.1,60.126,60.08,60.08,35
2025-10-29 13:42:00,60.057,60.061,60.04,60.06,60.087,60.096,60.07,60.09,35
2025-10-29 13:43:00,60.064,60.078,60.059,60.075,60.104,60.114,60.089,60.105,36
2025-10-29 13:44:00,60.084,60.105,60.071,60.084,60.114,60.135,60.101,60.124,38
2025-10-29 13:45:00,60.097,60.108,60.069,60.076,60.127,60.138,60.099,60.106,30
2025-10-29 13:46:00,60.074,60.083,60.04,60.06,60.104,60.114,60.07,60.09,30
2025-10-29 13:47:00,60.056,60.073,60.045,60.073,60.096,60.103,60.08,60.103,34
2025-10-29 13:48:00,60.07,60.09,60.068,60.089,60.11,60.12,60.102,60.119,22
2025-10-29 13:49:00,60.079,60.09,60.057,60.08,60.119,60.12,60.091,60.11,31
2025-10-29 13:50:00,60.091,60.091,60.065,60.065,60.121,60.121,60.095,60.105,34
2025-10-29 13:51:00,60.065,60.067,60.048,60.067,60.095,60.1,60.078,60.097,19
2025-10-29 13:52:00,60.074,60.081,60.055,60.062,60.104,60.111,60.085,60.092,25
2025-10-29 13:53:00,60.052,60.052,59.998,60.031,60.082,60.082,60.028,60.061,32
2025-10-29 13:54:00,60.032,60.056,60.032,60.052,60.062,60.086,60.062,60.082,29
2025-10-29 13:55:00,60.055,60.055,59.998,60.009,60.085,60.086,60.028,60.039,28
2025-10-29 13:56:00,60.01,60.032,59.998,59.998,60.04,60.062,60.028,60.028,25
2025-10-29 13:57:00,59.99,60.035,59.99,60.035,60.02,60.067,60.02,60.065,38
2025-10-29 13:58:00,60.031,60.061,60.026,60.051,60.061,60.091,60.056,60.081,12
2025-10-29 13:59:00,60.054,60.09,60.05,60.056,60.084,60.121,60.084,60.086,54
2025-10-29 14:00:00,60.063,60.087,59.974,60.045,60.093,60.117,60.007,60.075,114
2025-10-29 14:01:00,60.052,60.053,60.013,60.051,60.082,60.087,60.043,60.081,56
2025-10-29 14:02:00,60.053,60.086,59.99,60.022,60.083,60.116,60.024,60.062,56
2025-10-29 14:03:00,60.023,60.028,59.977,60.015,60.053,60.058,60.007,60.045,57
2025-10-29 14:04:00,60.005,60.007,59.964,60.007,60.035,60.047,59.994,60.047,51
2025-10-29 14:05:00,60.004,60.05,59.977,59.98,60.034,60.087,60.01,60.01,47
2025-10-29 14:06:00,59.982,59.998,59.97,59.98,60.012,60.028,60.0,60.01,57
2025-10-29 14:07:00,59.999,60.014,59.982,60.013,60.029,60.054,60.012,60.043,37
2025-10-29 14:08:00,60.014,60.021,59.977,59.983,60.054,60.059,60.007,60.023,45
2025-10-29 14:09:00,59.984,59.997,59.977,59.987,60.024,60.032,60.007,60.017,32
2025-10-29 14:10:00,59.988,60.002,59.981,59.991,60.018,60.042,60.011,60.021,35
2025-10-29 14:11:00,59.991,60.042,59.989,60.041,60.031,60.072,60.019,60.071,25
2025-10-29 14:12:00,60.042,60.051,59.99,59.998,60.072,60.081,60.02,60.028,60
2025-10-29 14:13:00,59.991,60.038,59.988,60.02,60.031,60.068,60.018,60.05,46
2025-10-29 14:14:00,60.018,60.056,60.012,60.018,60.048,60.096,60.042,60.048,37
2025-10-29 14:15:00,60.023,60.046,60.023,60.03,60.063,60.081,60.056,60.07,40
2025-10-29 14:16:00,60.027,60.089,60.027,60.084,60.057,60.123,60.057,60.114,41
2025-10-29 14:17:00,60.092,60.092,60.054,60.07,60.122,60.122,60.088,60.1,48
2025-10-29 14:18:00,60.08,60.09,60.062,60.081,60.11,60.127,60.092,60.111,55
2025-10-29 14:19:00,60.079,60.082,60.05,60.058,60.119,60.119,60.084,60.088,37
2025-10-29 14:20:00,60.056,60.059,60.008,60.013,60.086,60.096,60.041,60.043,59
2025-10-29 14:21:00,60.012,60.087,60.002,60.067,60.042,60.121,60.039,60.097,54
2025-10-29 14:22:00,60.068,60.111,60.043,60.044,60.098,60.143,60.073,60.074,62
2025-10-29 14:23:00,60.043,60.072,60.035,60.035,60.073,60.106,60.065,60.065,33
2025-10-29 14:24:00,60.04,60.082,60.035,60.074,60.08,60.112,60.065,60.104,35
2025-10-29 14:25:00,60.075,60.132,60.074,60.111,60.105,60.162,60.104,60.141,43
2025-10-29 14:26:00,60.112,60.144,60.11,60.144,60.142,60.174,60.14,60.174,35
2025-10-29 14:27:00,60.147,60.19,60.14,60.189,60.187,60.223,60.17,60.219,71
2025-10-29 14:28:00,60.18,60.231,60.18,60.197,60.21,60.261,60.21,60.237,57
2025-10-29 14:29:00,60.209,60.235,60.174,60.228,60.239,60.265,60.209,60.258,63
2025-10-29 14:30:00,60.235,60.282,60.222,60.24,60.265,60.312,60.252,60.27,84
2025-10-29 14:31:00,60.25,60.27,60.217,60.237,60.28,60.305,60.253,60.277,81
2025-10-29 14:32:00,60.242,60.34,60.237,60.324,60.272,60.37,60.272,60.364,61
2025-10-29 14:33:00,60.338,60.352,60.287,60.301,60.368,60.382,60.323,60.331,94
2025-10-29 14:34:00,60.31,60.341,60.292,60.311,60.34,60.375,60.33,60.341,73
2025-10-29 14:35:00,60.321,60.331,60.267,60.287,60.351,60.361,60.302,60.327,73
2025-10-29 14:36:00,60.292,60.31,60.275,60.307,60.322,60.34,60.31,60.337,54
2025-10-29 14:37:00,60.303,60.303,60.235,60.242,60.333,60.333,60.272,60.272,56
2025-10-29 14:38:00,60.25,60.263,60.235,60.251,60.28,60.293,60.271,60.281,53
2025-10-29 14:39:00,60.253,60.307,60.253,60.265,60.283,60.337,60.283,60.305,69
2025-10-29 14:40:00,60.28,60.288,60.215,60.222,60.31,60.318,60.25,60.252,65
2025-10-29 14:41:00,60.217,60.232,60.12,60.14,60.257,60.262,60.16,60.18,67
2025-10-29 14:42:00,60.147,60.188,60.143,60.188,60.177,60.218,60.174,60.218,52
2025-10-29 14:43:00,60.187,60.222,60.173,60.222,60.217,60.252,60.209,60.252,29
2025-10-29 14:44:00,60.223,60.258,60.209,60.258,60.253,60.288,60.245,60.288,26
2025-10-29 14:45:00,60.248,60.265,60.241,60.262,60.278,60.295,60.277,60.292,40
2025-10-29 14:46:00,60.263,60.263,60.219,60.233,60.293,60.293,60.253,60.263,52
2025-10-29 14:47:00,60.226,60.25,60.208,60.232,60.256,60.28,60.243,60.262,50
2025-10-29 14:48:00,60.224,60.233,60.198,60.233,60.254,60.263,60.233,60.263,40
2025-10-29 14:49:00,60.235,60.302,60.21,60.296,60.265,60.332,60.244,60.326,62
2025-10-29 14:50:00,60.298,60.375,60.285,60.368,60.328,60.405,60.316,60.398,81
2025-10-29 14:51:00,60.361,60.367,60.314,60.324,60.391,60.402,60.344,60.354,57
2025-10-29 14:52:00,60.331,60.346,60.251,60.27,60.361,60.376,60.284,60.3,65
2025-10-29 14:53:00,60.263,60.263,60.206,60.245,60.293,60.293,60.246,60.275,50
2025-10-29 14:54:00,60.242,60.329,60.212,60.303,60.282,60.359,60.252,60.333,58
2025-10-29 14:55:00,60.302,60.311,60.285,60.298,60.332,60.341,60.318,60.328,49
2025-10-29 14:56:00,60.305,60.305,60.229,60.249,60.335,60.335,60.259,60.279,41
2025-10-29 14:57:00,60.234,60.256,60.222,60.236,60.274,60.286,60.256,60.266,45
2025-10-29 14:58:00,60.243,60.279,60.23,60.244,60.273,60.309,60.26,60.284,53
2025-10-29 14:59:00,60.245,60.266,60.225,60.225,60.285,60.296,60.259,60.265,47
2025-10-29 15:00:00,60.238,60.336,60.236,60.305,60.268,60.366,60.268,60.335,72
2025-10-29 15:01:00,60.292,60.355,60.292,60.336,60.332,60.385,60.322,60.366,116
2025-10-29 15:02:00,60.337,60.337,60.271,60.281,60.367,60.367,60.307,60.321,106
2025-10-29 15:03:00,60.296,60.317,60.296,60.315,60.326,60.347,60.326,60.345,88
2025-10-29 15:04:00,60.317,60.328,60.289,60.319,60.347,60.358,60.319,60.349,94
2025-10-29 15:05:00,60.312,60.312,60.251,60.255,60.342,60.342,60.281,60.295,84
2025-10-29 15:06:00,60.267,60.29,60.253,60.276,60.297,60.326,60.288,60.306,56
2025-10-29 15:07:00,60.269,60.283,60.247,60.26,60.299,60.314,60.287,60.3,36
2025-10-29 15:08:00,60.271,60.311,60.26,60.298,60.301,60.341,60.295,60.328,45
2025-10-29 15:09:00,60.301,60.318,60.29,60.317,60.331,60.355,60.32,60.347,45
2025-10-29 15:10:00,60.316,60.34,60.301,60.332,60.346,60.37,60.341,60.362,61
2025-10-29 15:11:00,60.331,60.371,60.32,60.346,60.361,60.401,60.354,60.376,38
2025-10-29 15:12:00,60.349,60.357,60.334,60.334,60.379,60.387,60.364,60.364,41
2025-10-29 15:13:00,60.332,60.344,60.314,60.332,60.362,60.374,60.352,60.362,42
2025-10-29 15:14:00,60.334,60.362,60.327,60.351,60.364,60.392,60.364,60.381,27
2025-10-29 15:15:00,60.36,60.38,60.343,60.36,60.39,60.41,60.373,60.39,25
2025-10-29 15:16:00,60.37,60.377,60.357,60.37,60.4,60.407,60.387,60.4,20
2025-10-29 15:17:00,60.364,60.439,60.364,60.428,60.404,60.469,60.397,60.458,50
2025-10-29 15:18:00,60.418,60.418,60.362,60.364,60.448,60.448,60.392,60.394,47
2025-10-29 15:19:00,60.362,60.372,60.333,60.334,60.392,60.402,60.364,60.364,49
2025-10-29 15:20:00,60.336,60.388,60.32,60.33,60.366,60.418,60.35,60.36,69
2025-10-29 15:21:00,60.323,60.323,60.286,60.318,60.353,60.353,60.316,60.348,38
2025-10-29 15:22:00,60.325,60.414,60.325,60.394,60.355,60.444,60.355,60.424,66
2025-10-29 15:23:00,60.393,60.413,60.36,60.362,60.423,60.443,60.39,60.392,61
2025-10-29 15:24:00,60.361,60.39,60.355,60.381,60.391,60.42,60.391,60.411,44
2025-10-29 15:25:00,60.374,60.374,60.318,60.32,60.404,60.404,60.35,60.36,51
2025-10-29 15:26:00,60.323,60.365,60.323,60.342,60.363,60.398,60.356,60.372,67
2025-10-29 15:27:00,60.35,60.361,60.328,60.361,60.38,60.391,60.362,60.391,46
2025-10-29 15:28:00,60.36,60.379,60.338,60.357,60.39,60.409,60.378,60.387,40
2025-10-29 15:29:00,60.353,60.377,60.334,60.344,60.393,60.407,60.374,60.384,32
2025-10-29 15:30:00,60.369,60.587,60.369,60.58,60.449,60.622,60.437,60.62,219
2025-10-29 15:31:00,60.58,60.58,60.46,60.499,60.61,60.614,60.494,60.529,165
2025-10-29 15:32:00,60.498,60.511,60.448,60.491,60.528,60.55,60.479,60.521,125
2025-10-29 15:33:00,60.491,60.528,60.414,60.431,60.531,60.56,60.45,60.461,90
2025-10-29 15:34:00,60.432,60.461,60.412,60.434,60.462,60.495,60.442,60.474,65
2025-10-29 15:35:00,60.44,60.456,60.41,60.41,60.47,60.486,60.44,60.44,74
2025-10-29 15:36:00,60.411,60.56,60.41,60.547,60.441,60.59,60.44,60.577,111
2025-10-29 15:37:00,60.544,60.566,60.506,60.566,60.574,60.596,60.541,60.596,93
2025-10-29 15:38:00,60.556,60.556,60.484,60.484,60.586,60.586,60.518,60.524,60
2025-10-29 15:39:00,60.49,60.538,60.463,60.538,60.52,60.57,60.5,60.568,56
2025-10-29 15:40:00,60.531,60.604,60.521,60.591,60.561,60.634,60.551,60.631,74
2025-10-29 15:41:00,60.59,60.614,60.537,60.563,60.63,60.644,60.572,60.593,77
2025-10-29 15:42:00,60.561,60.577,60.512,60.522,60.591,60.607,60.542,60.552,79
2025-10-29 15:43:00,60.521,60.542,60.499,60.537,60.551,60.577,60.529,60.577,58
2025-10-29 15:44:00,60.534,60.541,60.495,60.505,60.564,60.571,60.525,60.535,57
2025-10-29 15:45:00,60.496,60.524,60.47,60.521,60.536,60.561,60.51,60.561,36
2025-10-29 15:46:00,60.538,60.605,60.528,60.579,60.568,60.635,60.562,60.609,59
2025-10-29 15:47:00,60.586,60.604,60.569,60.602,60.616,60.634,60.604,60.632,53
2025-10-29 15:48:00,60.597,60.612,60.566,60.584,60.627,60.642,60.596,60.614,38
2025-10-29 15:49:00,60.587,60.624,60.581,60.591,60.617,60.654,60.617,60.621,57
2025-10-29 15:50:00,60.598,60.612,60.553,60.592,60.628,60.642,60.584,60.622,56
2025-10-29 15:51:00,60.589,60.627,60.574,60.62,60.629,60.664,60.608,60.65,62
2025-10-29 15:52:00,60.617,60.653,60.589,60.643,60.647,60.687,60.626,60.673,60
2025-10-29 15:53:00,60.634,60.651,60.596,60.633,60.664,60.686,60.626,60.663,80
2025-10-29 15:54:00,60.636,60.644,60.611,60.644,60.676,60.678,60.65,60.674,56
2025-10-29 15:55:00,60.651,60.72,60.646,60.712,60.681,60.76,60.677,60.752,95
2025-10-29 15:56:00,60.705,60.784,60.697,60.743,60.745,60.82,60.727,60.773,116
2025-10-29 15:57:00,60.737,60.765,60.727,60.753,60.767,60.795,60.762,60.783,79
2025-10-29 15:58:00,60.738,60.753,60.718,60.734,60.778,60.783,60.753,60.764,60
2025-10-29 15:59:00,60.74,60.743,60.71,60.733,60.77,60.773,60.746,60.763,47
2025-10-29 16:00:00,60.751,60.764,60.689,60.689,60.781,60.794,60.719,60.719,56
2025-10-29 16:01:00,60.687,60.72,60.676,60.72,60.717,60.75,60.709,60.75,38
2025-10-29 16:02:00,60.716,60.744,60.662,60.662,60.756,60.78,60.692,60.692,58
2025-10-29 16:03:00,60.658,60.727,60.658,60.719,60.698,60.757,60.692,60.749,53
2025-10-29 16:04:00,60.72,60.72,60.679,60.699,60.75,60.75,60.714,60.739,33
2025-10-29 16:05:00,60.712,60.778,60.709,60.778,60.742,60.808,60.74,60.808,55
2025-10-29 16:06:00,60.769,60.821,60.765,60.819,60.799,60.851,60.799,60.849,53
2025-10-29 16:07:00,60.826,60.826,60.739,60.776,60.856,60.856,60.769,60.806,62
2025-10-29 16:08:00,60.78,60.791,60.762,60.776,60.81,60.821,60.796,60.816,36
2025-10-29 16:09:00,60.78,60.841,60.78,60.827,60.81,60.881,60.81,60.857,52
2025-10-29 16:10:00,60.818,60.858,60.817,60.828,60.858,60.891,60.847,60.868,47
2025-10-29 16:11:00,60.834,60.852,60.785,60.785,60.864,60.882,60.815,60.815,48
2025-10-29 16:12:00,60.793,60.805,60.76,60.8,60.823,60.835,60.79,60.83,55
2025-10-29 16:13:00,60.802,60.828,60.774,60.78,60.832,60.858,60.808,60.81,39
2025-10-29 16:14:00,60.77,60.813,60.768,60.786,60.8,60.843,60.798,60.816,43
2025-10-29 16:15:00,60.779,60.799,60.772,60.789,60.809,60.829,60.802,60.819,30
2025-10-29 16:16:00,60.783,60.789,60.707,60.723,60.823,60.823,60.737,60.753,44
2025-10-29 16:17:00,60.741,60.766,60.741,60.749,60.771,60.796,60.771,60.779,37
2025-10-29 16:18:00,60.738,60.742,60.699,60.741,60.778,60.778,60.732,60.771,41
2025-10-29 16:19:00,60.744,60.759,60.716,60.721,60.774,60.789,60.751,60.751,35
2025-10-29 16:20:00,60.731,60.739,60.676,60.704,60.761,60.769,60.711,60.734,49
2025-10-29 16:21:00,60.687,60.704,60.657,60.673,60.727,60.734,60.692,60.703,50
2025-10-29 16:22:00,60.675,60.732,60.655,60.732,60.705,60.766,60.685,60.762,62
2025-10-29 16:23:00,60.716,60.738,60.69,60.728,60.756,60.768,60.721,60.758,45
2025-10-29 16:24:00,60.727,60.75,60.71,60.75,60.757,60.78,60.745,60.78,43
2025-10-29 16:25:00,60.751,60.766,60.728,60.736,60.781,60.796,60.763,60.766,44
2025-10-29 16:26:00,60.731,60.769,60.711,60.715,60.771,60.801,60.744,60.745,42
2025-10-29 16:27:00,60.709,60.722,60.669,60.683,60.739,60.752,60.706,60.713,53
2025-10-29 16:28:00,60.67,60.725,60.67,60.711,60.71,60.755,60.71,60.751,52
2025-10-29 16:29:00,60.712,60.724,60.678,60.695,60.752,60.754,60.716,60.725,22
2025-10-29 16:30:00,60.702,60.702,60.628,60.634,60.732,60.732,60.659,60.674,70
2025-10-29 16:31:00,60.635,60.663,60.621,60.63,60.675,60.693,60.655,60.67,56
2025-10-29 16:32:00,60.644,60.665,60.635,60.664,60.674,60.695,60.665,60.694,25
2025-10-29 16:33:00,60.665,60.688,60.64,60.676,60.695,60.718,60.674,60.706,41
2025-10-29 16:34:00,60.669,60.72,60.668,60.718,60.699,60.75,60.698,60.748,36
2025-10-29 16:35:00,60.72,60.72,60.682,60.698,60.75,60.759,60.714,60.728,43
2025-10-29 16:36:00,60.697,60.705,60.66,60.68,60.727,60.735,60.694,60.72,32
2025-10-29 16:37:00,60.694,60.717,60.694,60.714,60.724,60.747,60.724,60.744,29
2025-10-29 16:38:00,60.715,60.734,60.705,60.715,60.745,60.764,60.735,60.745,26
2025-10-29 16:39:00,60.722,60.752,60.71,60.738,60.752,60.782,60.746,60.768,38
2025-10-29 16:40:00,60.736,60.752,60.729,60.742,60.766,60.782,60.759,60.772,30
2025-10-29 16:41:00,60.74,60.742,60.693,60.705,60.77,60.772,60.727,60.735,42
2025-10-29 16:42:00,60.698,60.706,60.683,60.702,60.728,60.736,60.721,60.732,31
2025-10-29 16:43:00,60.712,60.745,60.698,60.73,60.742,60.775,60.735,60.76,61
2025-10-29 16:44:00,60.729,60.746,60.723,60.732,60.759,60.784,60.753,60.762,43
2025-10-29 16:45:00,60.721,60.748,60.701,60.746,60.761,60.778,60.735,60.776,28
2025-10-29 16:46:00,60.74,60.807,60.738,60.796,60.77,60.844,60.768,60.836,56
2025-10-29 16:47:00,60.794,60.815,60.781,60.782,60.824,60.848,60.811,60.812,26
2025-10-29 16:48:00,60.777,60.777,60.736,60.739,60.817,60.817,60.767,60.769,35
2025-10-29 16:49:00,60.744,60.75,60.692,60.736,60.774,60.78,60.722,60.766,46
2025-10-29 16:50:00,60.731,60.743,60.709,60.732,60.771,60.773,60.744,60.772,47
2025-10-29 16:51:00,60.741,60.755,60.704,60.732,60.771,60.785,60.74,60.762,65
2025-10-29 16:52:00,60.718,60.73,60.701,60.701,60.758,60.76,60.731,60.731,26
2025-10-29 16:53:00,60.708,60.711,60.682,60.691,60.738,60.741,60.712,60.721,30
