date,type,inleg_dollar,pct,balance,entry_p,entry_t,exit_p,exit_t,dollar_profit
2025-12-12,SHORT,50000.0,0.005033673540234658,10251.683677011733,57.612,2025-12-12 10:29:00,57.322,2025-12-12 11:07:00,251.68367701173338
2025-12-15,LONG,51258.41838505867,0.005296369452358847,10523.167198322588,57.209,2025-12-15 00:00:00,57.512,2025-12-15 01:46:00,271.4835213108545
2025-12-16,SHORT,52615.83599161294,0.005048055330997912,10788.77484969496,55.665,2025-12-16 14:37:00,55.384,2025-12-16 15:08:00,265.60765137237286
2025-12-17,LONG,53943.87424847481,0.006867511250067818,11159.235012968606,55.333,2025-12-17 00:54:00,55.713,2025-12-17 01:07:00,370.46016327364487
2025-12-18,LONG,55796.17506484303,-0.004249795511931385,10922.112678595098,56.238,2025-12-18 03:18:00,55.999,2025-12-18 03:22:00,-237.12233437350733
2025-12-19,SHORT,54610.56339297549,3.5465394641222215e-05,10924.04946377741,56.393,2025-12-19 15:13:00,56.391,2025-12-19 15:30:00,1.9367851823117235
2025-12-22,SHORT,54620.24731888705,0.005063203940343816,11200.602915224952,58.066,2025-12-22 14:48:00,57.772,2025-12-22 15:13:00,276.5534514475421
2025-12-23,SHORT,56003.01457612476,0.0013466850828729791,11276.021339550538,57.92,2025-12-23 15:25:00,57.842,2025-12-23 16:14:00,75.41842432558587
SAMENVATTING,Winrate: 87.5%,,Totale Return: 12.76%,11276.021339550538,,,,,Max Drawdown: $237.12
