Sessie,Entry_Tijd,Entry_Prijs,Exit_Tijd_1,Exit_Prijs_1,Exit_Tijd_2,Exit_Prijs_2,Multiplier,Resultaat,PnL_Euro
41,2025-12-23 09:15:00,57.969,2025-12-23 18:54:00,58.20525,2025-12-23 21:12:00,58.4415,1.5,VOLLEDIGE WINST ✅✅,203.77270610153556
41,2025-12-23 10:30:00,57.986,2025-12-23 19:21:00,58.229749999999996,2025-12-23 22:33:00,58.47349999999999,1.5,VOLLEDIGE WINST ✅✅,210.18004345876267
41,2025-12-23 15:45:00,57.815,2025-12-23 17:20:00,58.059999999999995,2025-12-23 19:23:00,58.30499999999999,1.0,VOLLEDIGE WINST ✅✅,211.88272939548338
42,2025-12-24 01:30:00,58.544,2025-12-24 19:44:00,58.341,2025-12-24 19:44:00,58.341,1.5,VERLIES ❌,-116.30593856602218
42,2025-12-24 01:45:00,58.53,2025-12-24 19:44:00,58.341,2025-12-24 19:44:00,58.341,1.5,VERLIES ❌,-108.31074039252034
42,2025-12-24 04:30:00,58.354,2025-12-24 09:13:00,58.62175,2025-12-24 10:19:00,58.354,1.5,HALVE WINST / BE ✅➖,76.95150132378917
42,2025-12-24 11:15:00,58.476,2025-12-24 19:44:00,58.341,2025-12-24 19:44:00,58.341,1.25,VERLIES ❌,-77.49547530803258
43,2025-12-26 16:15:00,57.724,2025-12-26 22:59:00,56.85,2025-12-26 22:59:00,56.85,0.25,VERLIES ❌,-506.7227369201422
44,2025-12-29 00:30:00,57.087,2025-12-29 06:32:00,57.34125,2025-12-29 10:02:00,57.5955,1.5,VOLLEDIGE WINST ✅✅,222.4502716787688
44,2025-12-29 03:45:00,57.248,2025-12-29 10:00:00,57.54575,2025-12-29 10:40:00,57.84349999999999,1.5,VOLLEDIGE WINST ✅✅,259.7769724228551
44,2025-12-29 12:00:00,57.903,2025-12-29 13:44:00,58.048125,2025-12-29 15:02:00,57.903,0.25,HALVE WINST / BE ✅➖,41.92958633614224
44,2025-12-29 12:15:00,57.919,2025-12-29 13:44:00,58.064125,2025-12-29 15:02:00,57.919,0.25,HALVE WINST / BE ✅➖,41.91800337750382
45,2025-12-30 05:15:00,58.017,2025-12-30 09:31:00,58.155,2025-12-30 10:31:00,58.293000000000006,0.5,VOLLEDIGE WINST ✅✅,119.47777130290575
45,2025-12-30 06:30:00,58.139,2025-12-30 22:59:00,57.849,2025-12-30 22:59:00,57.849,1.0,VERLIES ❌,-167.03307480144696
45,2025-12-30 18:30:00,58.002,2025-12-30 22:59:00,57.849,2025-12-30 22:59:00,57.849,0.75,VERLIES ❌,-88.43754938458943
46,2025-12-31 11:45:00,58.049,2025-12-31 14:27:00,58.24325,2025-12-31 14:38:00,58.4375,0.75,VOLLEDIGE WINST ✅✅,167.8577031309971
46,2025-12-31 12:45:00,58.221,2025-12-31 22:59:00,57.31,2025-12-31 22:59:00,57.31,0.75,VERLIES ❌,-523.2659180123563
47,2026-01-02 04:45:00,57.618,2026-01-02 22:59:00,57.222,2026-01-02 22:59:00,57.222,1.5,VERLIES ❌,-229.023197835381
47,2026-01-02 06:00:00,57.621,2026-01-02 22:59:00,57.222,2026-01-02 22:59:00,57.222,1.5,VERLIES ❌,-230.74620778421288
47,2026-01-02 06:45:00,57.627,2026-01-02 22:59:00,57.222,2026-01-02 22:59:00,57.222,1.5,VERLIES ❌,-234.19168949354338
48,2026-01-05 01:00:00,57.259,2026-01-05 13:57:00,57.661,2026-01-05 16:44:00,58.063,1.0,VOLLEDIGE WINST ✅✅,348.4903267043814
48,2026-01-05 01:15:00,57.327,2026-01-05 13:57:00,57.653625,2026-01-05 15:31:00,57.98025,0.75,VOLLEDIGE WINST ✅✅,282.8125261852613
48,2026-01-05 12:15:00,57.352,2026-01-05 12:43:00,57.525749999999995,2026-01-05 13:04:00,57.352,0.25,HALVE WINST / BE ✅➖,50.126043270955755
49,2026-01-06 01:00:00,58.073,2026-01-06 09:58:00,58.235,2026-01-06 10:00:00,58.397000000000006,1.5,VOLLEDIGE WINST ✅✅,139.41838007596556
49,2026-01-06 01:30:00,58.101,2026-01-06 09:58:00,58.263,2026-01-06 10:00:00,58.425,1.5,VOLLEDIGE WINST ✅✅,139.3511916516313
49,2026-01-06 02:15:00,58.047,2026-01-06 09:58:00,58.239,2026-01-06 10:00:00,58.431,1.5,VOLLEDIGE WINST ✅✅,165.31061021231682
50,2026-01-07 06:15:00,56.189,2026-01-07 10:20:00,56.51675,2026-01-07 12:09:00,56.8445,0.5,VOLLEDIGE WINST ✅✅,292.8167165766197
50,2026-01-07 06:45:00,56.113,2026-01-07 09:19:00,56.44075,2026-01-07 11:59:00,56.7685,0.5,VOLLEDIGE WINST ✅✅,293.2133104222516
50,2026-01-07 09:00:00,56.284,2026-01-07 11:59:00,56.775625,2026-01-07 15:42:00,56.284,0.75,HALVE WINST / BE ✅➖,146.1612402079071
51,2026-01-08 16:00:00,56.897,2026-01-08 18:10:00,57.04925,2026-01-08 18:37:00,57.201499999999996,0.25,VOLLEDIGE WINST ✅✅,135.30944151086752
52,2026-01-09 06:00:00,58.075,2026-01-09 08:22:00,58.36125,2026-01-09 09:11:00,58.075,1.25,HALVE WINST / BE ✅➖,83.19090784627623
52,2026-01-09 06:15:00,58.067,2026-01-09 08:27:00,58.4105,2026-01-09 09:12:00,58.067,1.5,HALVE WINST / BE ✅➖,99.84284305727975
52,2026-01-09 07:15:00,58.171,2026-01-09 15:15:00,58.5145,2026-01-09 15:17:00,58.858,1.5,VOLLEDIGE WINST ✅✅,298.99302235514585
52,2026-01-09 15:30:00,58.808,2026-01-09 15:39:00,58.9895,2026-01-09 15:51:00,59.171,0.25,VOLLEDIGE WINST ✅✅,157.01580388382072
53,2026-01-12 04:00:00,59.067,2026-01-12 20:28:00,59.342,2026-01-12 20:38:00,59.617000000000004,0.5,VOLLEDIGE WINST ✅✅,237.22507668493122
53,2026-01-12 06:00:00,59.082,2026-01-12 20:28:00,59.357,2026-01-12 22:47:00,59.632000000000005,0.5,VOLLEDIGE WINST ✅✅,237.16484893112676
53,2026-01-12 06:30:00,59.138,2026-01-12 20:30:00,59.413,2026-01-12 22:47:00,59.688,0.5,VOLLEDIGE WINST ✅✅,236.94026860138717
54,2026-01-13 01:00:00,59.644,2026-01-13 02:12:00,59.7985,2026-01-13 02:17:00,59.644,1.5,HALVE WINST / BE ✅➖,44.303110429277886
54,2026-01-13 02:30:00,59.693,2026-01-13 09:55:00,59.9525,2026-01-13 10:27:00,60.212,1.5,VOLLEDIGE WINST ✅✅,223.14911242718418
54,2026-01-13 03:30:00,59.437,2026-01-13 07:52:00,59.79325,2026-01-13 10:24:00,60.1495,1.5,VOLLEDIGE WINST ✅✅,307.66578343626486
54,2026-01-13 06:30:00,59.563,2026-01-13 09:55:00,59.94475,2026-01-13 10:31:00,60.3265,1.5,VOLLEDIGE WINST ✅✅,328.99075160865317
55,2026-01-14 03:30:00,60.834,2026-01-14 11:12:00,61.11075,2026-01-14 11:24:00,61.3875,1.5,VOLLEDIGE WINST ✅✅,235.47487173343376
55,2026-01-14 05:45:00,60.837,2026-01-14 11:12:00,61.125750000000004,2026-01-14 11:24:00,61.414500000000004,1.5,VOLLEDIGE WINST ✅✅,245.6730490242516
55,2026-01-14 06:00:00,60.784,2026-01-14 11:11:00,61.07275,2026-01-14 11:21:00,61.36149999999999,1.5,VOLLEDIGE WINST ✅✅,245.8872611787357
55,2026-01-14 12:45:00,61.798,2026-01-14 20:31:00,62.009125000000004,2026-01-14 21:02:00,61.798,0.25,HALVE WINST / BE ✅➖,59.359015136291696
56,2026-01-15 01:15:00,60.72,2026-01-15 22:59:00,59.154,2026-01-15 22:59:00,59.154,1.0,VERLIES ❌,-896.7237029413901
56,2026-01-15 15:45:00,59.133,2026-01-15 22:59:00,59.154,2026-01-15 22:59:00,59.154,0.25,VERLIES ❌,12.347755938516675
57,2026-01-16 02:00:00,59.202,2026-01-16 09:52:00,59.406,2026-01-16 10:13:00,59.61,1.5,VOLLEDIGE WINST ✅✅,178.1910371485824
57,2026-01-16 02:30:00,59.22,2026-01-16 09:53:00,59.48025,2026-01-16 10:29:00,59.7405,1.5,VOLLEDIGE WINST ✅✅,227.2554995642369
57,2026-01-16 09:30:00,59.112,2026-01-16 09:52:00,59.374500000000005,2026-01-16 10:13:00,59.63700000000001,1.0,VOLLEDIGE WINST ✅✅,229.6390391174592
57,2026-01-16 11:15:00,59.699,2026-01-16 11:57:00,59.819874999999996,2026-01-16 13:16:00,59.940749999999994,0.25,VOLLEDIGE WINST ✅✅,105.34651368243414
57,2026-01-16 17:30:00,59.782,2026-01-16 22:59:00,59.219,2026-01-16 22:59:00,59.219,0.25,VERLIES ❌,-326.99181142615066
58,2026-01-19 02:15:00,59.205,2026-01-19 05:00:00,59.4555,2026-01-19 06:55:00,59.205,0.75,HALVE WINST / BE ✅➖,73.22389003847924
58,2026-01-19 06:15:00,59.432,2026-01-19 20:29:00,59.409,2026-01-19 20:29:00,59.409,0.25,VERLIES ❌,-13.394945124391256
58,2026-01-19 17:30:00,59.429,2026-01-19 20:29:00,59.409,2026-01-19 20:29:00,59.409,0.25,VERLIES ❌,-11.656580512804764
58,2026-01-19 17:45:00,59.441,2026-01-19 20:29:00,59.409,2026-01-19 20:29:00,59.409,0.25,VERLIES ❌,-18.64676363575158
59,2026-01-20 01:45:00,59.473,2026-01-20 11:34:00,59.686,2026-01-20 12:08:00,59.473,1.5,HALVE WINST / BE ✅➖,61.999285007964126
59,2026-01-20 15:45:00,60.191,2026-01-20 16:00:00,60.41125,2026-01-20 16:46:00,60.191,0.25,HALVE WINST / BE ✅➖,63.38265679996813
60,2026-01-21 02:45:00,59.709,2026-01-21 11:20:00,59.99025,2026-01-21 11:44:00,59.709,1.5,HALVE WINST / BE ✅➖,81.64011247271128
60,2026-01-21 03:00:00,59.732,2026-01-21 11:21:00,60.01325,2026-01-21 11:43:00,59.732,1.5,HALVE WINST / BE ✅➖,81.60867668306967
60,2026-01-21 05:15:00,59.796,2026-01-21 12:05:00,60.11175,2026-01-21 12:31:00,60.427499999999995,1.5,VOLLEDIGE WINST ✅✅,274.56384095812905
60,2026-01-21 12:45:00,60.383,2026-01-21 14:29:00,60.724500000000006,2026-01-21 14:47:00,60.383,0.5,HALVE WINST / BE ✅➖,98.43542974659003
60,2026-01-21 14:45:00,60.461,2026-01-21 19:04:00,60.6645,2026-01-21 19:09:00,60.461,0.25,HALVE WINST / BE ✅➖,58.58204221760008
60,2026-01-21 15:15:00,60.207,2026-01-21 15:37:00,60.4105,2026-01-21 16:02:00,60.207,0.25,HALVE WINST / BE ✅➖,58.88463893197174
61,2026-01-22 02:30:00,60.713,2026-01-22 22:59:00,59.616,2026-01-22 22:59:00,59.616,1.5,VERLIES ❌,-630.2709571589363
61,2026-01-22 02:45:00,60.663,2026-01-22 22:59:00,59.616,2026-01-22 22:59:00,59.616,1.5,VERLIES ❌,-602.0397387840945
61,2026-01-22 08:30:00,60.471,2026-01-22 22:59:00,59.616,2026-01-22 22:59:00,59.616,1.5,VERLIES ❌,-493.1980207543636
62,2026-01-23 00:30:00,59.599,2026-01-23 02:17:00,59.73025,2026-01-23 04:24:00,59.86150000000001,1.5,VOLLEDIGE WINST ✅✅,113.32694820772295
62,2026-01-23 00:45:00,59.592,2026-01-23 02:16:00,59.712625,2026-01-23 03:54:00,59.83325000000001,1.25,VOLLEDIGE WINST ✅✅,104.16509628511952
62,2026-01-23 04:15:00,59.796,2026-01-23 09:41:00,60.059250000000006,2026-01-23 12:19:00,60.322500000000005,1.5,VOLLEDIGE WINST ✅✅,226.78191812707684
62,2026-01-23 05:30:00,59.858,2026-01-23 11:18:00,60.159499999999994,2026-01-23 13:28:00,60.461,1.5,VOLLEDIGE WINST ✅✅,259.74951881968184
62,2026-01-23 07:45:00,59.932,2026-01-23 11:32:00,60.18950000000001,2026-01-23 13:15:00,60.44700000000001,1.25,VOLLEDIGE WINST ✅✅,221.56854189355596
62,2026-01-23 13:00:00,60.331,2026-01-23 13:15:00,60.44262500000001,2026-01-23 14:07:00,60.331,0.25,HALVE WINST / BE ✅➖,31.874487861913785
63,2026-01-26 02:30:00,61.147,2026-01-26 07:24:00,61.406875,2026-01-26 08:44:00,61.147,0.75,HALVE WINST / BE ✅➖,73.58045868446852
63,2026-01-26 03:15:00,61.028,2026-01-26 07:26:00,61.54774999999999,2026-01-26 08:52:00,61.028,1.5,HALVE WINST / BE ✅➖,147.44787006551536
63,2026-01-26 04:30:00,61.035,2026-01-26 07:26:00,61.46812499999999,2026-01-26 08:46:00,61.035,1.25,HALVE WINST / BE ✅➖,122.85913293408558
63,2026-01-26 17:30:00,60.572,2026-01-26 17:39:00,60.728875,2026-01-26 18:37:00,60.88575,0.25,VOLLEDIGE WINST ✅✅,134.9620215309459
64,2026-01-27 02:30:00,60.376,2026-01-27 11:08:00,60.701,2026-01-27 14:29:00,61.026,1.25,VOLLEDIGE WINST ✅✅,280.8735205529361
65,2026-01-28 03:30:00,62.581,2026-01-28 07:05:00,62.8225,2026-01-28 08:03:00,62.581,1.5,HALVE WINST / BE ✅➖,67.29959870992894
65,2026-01-28 04:30:00,62.733,2026-01-28 14:49:00,63.1305,2026-01-28 16:08:00,62.733,1.5,HALVE WINST / BE ✅➖,110.50423296678257
65,2026-01-28 04:45:00,62.69,2026-01-28 13:12:00,63.021249999999995,2026-01-28 13:13:00,62.69,1.25,HALVE WINST / BE ✅➖,92.15002454810836
65,2026-01-28 08:30:00,62.436,2026-01-28 13:12:00,62.84725,2026-01-28 13:14:00,62.436,1.25,HALVE WINST / BE ✅➖,114.94442471326572
65,2026-01-28 16:30:00,62.924,2026-01-28 20:16:00,63.10025,2026-01-28 21:07:00,63.2765,0.25,VOLLEDIGE WINST ✅✅,147.0843502812383
66,2026-01-29 02:15:00,63.528,2026-01-29 03:56:00,63.867375,2026-01-29 05:48:00,64.20675,1.25,VOLLEDIGE WINST ✅✅,280.9157766669475
66,2026-01-29 02:30:00,63.608,2026-01-29 04:23:00,63.947375,2026-01-29 07:37:00,64.28675000000001,1.25,VOLLEDIGE WINST ✅✅,280.56246793010456
66,2026-01-29 02:45:00,63.603,2026-01-29 04:00:00,63.942375000000006,2026-01-29 07:36:00,64.28175000000002,1.25,VOLLEDIGE WINST ✅✅,280.5845236875319
66,2026-01-29 06:00:00,64.188,2026-01-29 09:51:00,64.452,2026-01-29 10:30:00,64.71600000000001,0.5,VOLLEDIGE WINST ✅✅,216.85529576257665
66,2026-01-29 08:45:00,64.091,2026-01-29 09:47:00,64.3835,2026-01-29 10:30:00,64.67599999999999,0.5,VOLLEDIGE WINST ✅✅,241.90993433199364
66,2026-01-29 09:00:00,64.043,2026-01-29 09:51:00,64.48175,2026-01-29 10:52:00,64.9205,0.75,VOLLEDIGE WINST ✅✅,363.1368674469919
67,2026-01-30 03:15:00,64.105,2026-01-30 03:52:00,64.315875,2026-01-30 04:05:00,64.105,0.25,HALVE WINST / BE ✅➖,58.57211169305367
67,2026-01-30 03:30:00,63.7,2026-01-30 03:45:00,64.24175,2026-01-30 10:13:00,64.7835,0.5,VOLLEDIGE WINST ✅✅,454.29549813953895
67,2026-01-30 04:15:00,64.072,2026-01-30 06:30:00,64.35025,2026-01-30 07:33:00,64.072,0.25,HALVE WINST / BE ✅➖,77.36822292965502
67,2026-01-30 07:00:00,64.348,2026-01-30 10:31:00,64.9045,2026-01-30 11:08:00,64.348,0.5,HALVE WINST / BE ✅➖,154.07275376231914
67,2026-01-30 09:15:00,64.06,2026-01-30 09:41:00,64.33825,2026-01-30 10:07:00,64.6165,0.25,VOLLEDIGE WINST ✅✅,232.3161753459515
67,2026-01-30 10:30:00,64.901,2026-01-30 15:10:00,65.4575,2026-01-30 18:18:00,64.901,0.5,HALVE WINST / BE ✅➖,153.8517541253635
67,2026-01-30 11:30:00,64.485,2026-01-30 13:51:00,65.0415,2026-01-30 15:30:00,65.598,0.5,VOLLEDIGE WINST ✅✅,465.19762467558377
68,2026-02-02 02:16:00,62.94,2026-02-02 22:59:00,62.12,2026-02-02 22:59:00,62.12,0.75,VERLIES ❌,-470.88349881126294
68,2026-02-02 03:01:00,62.93,2026-02-02 22:59:00,62.12,2026-02-02 22:59:00,62.12,0.5,VERLIES ❌,-465.21493115262757
68,2026-02-02 03:16:00,62.863,2026-02-02 22:59:00,62.12,2026-02-02 22:59:00,62.12,0.5,VERLIES ❌,-427.18900740556325
69,2026-02-03 01:30:00,61.815,2026-02-03 02:17:00,62.1705,2026-02-03 03:15:00,61.815,1.5,HALVE WINST / BE ✅➖,102.62356101711431
69,2026-02-03 02:30:00,62.183,2026-02-03 14:42:00,62.42225,2026-02-03 15:00:00,62.183,0.75,HALVE WINST / BE ✅➖,68.65649444337977
69,2026-02-03 04:00:00,61.58,2026-02-03 09:34:00,61.9115,2026-02-03 09:46:00,61.58,0.75,HALVE WINST / BE ✅➖,96.15265294695108
69,2026-02-03 05:45:00,61.715,2026-02-03 11:35:00,62.0465,2026-02-03 14:32:00,62.378,0.75,VOLLEDIGE WINST ✅✅,287.82696435906576
69,2026-02-03 13:45:00,62.27,2026-02-03 14:43:00,62.44525,2026-02-03 15:00:00,62.27,0.25,HALVE WINST / BE ✅➖,50.31367746533824
70,2026-02-04 02:45:00,63.86,2026-02-04 18:27:00,64.113875,2026-02-04 18:29:00,64.36775,0.75,VOLLEDIGE WINST ✅✅,214.02430811122565
70,2026-02-04 07:30:00,63.503,2026-02-04 18:27:00,64.01075,2026-02-04 18:30:00,64.5185,1.5,VOLLEDIGE WINST ✅✅,430.455012077634
70,2026-02-04 07:45:00,63.498,2026-02-04 18:27:00,64.00574999999999,2026-02-04 18:30:00,64.5135,1.5,VOLLEDIGE WINST ✅✅,430.48890724063335
71,2026-02-05 02:30:00,64.176,2026-02-05 22:59:00,62.971,2026-02-05 22:59:00,62.971,1.25,VERLIES ❌,-680.6276807751103
71,2026-02-05 04:45:00,63.701,2026-02-05 10:26:00,64.123625,2026-02-05 13:36:00,63.701,0.75,HALVE WINST / BE ✅➖,120.24697044990384
71,2026-02-05 05:00:00,63.735,2026-02-05 13:02:00,64.439375,2026-02-05 13:34:00,63.735,1.25,HALVE WINST / BE ✅➖,200.3047060649368
71,2026-02-05 16:00:00,63.329,2026-02-05 22:59:00,62.971,2026-02-05 22:59:00,62.971,0.5,VERLIES ❌,-205.51990167932166
72,2026-02-06 01:15:00,62.317,2026-02-06 01:37:00,62.678,2026-02-06 03:11:00,63.038999999999994,1.0,VOLLEDIGE WINST ✅✅,313.34477204057
72,2026-02-06 01:30:00,62.622,2026-02-06 02:55:00,62.9235,2026-02-06 03:25:00,63.224999999999994,0.75,VOLLEDIGE WINST ✅✅,260.42469949692133
72,2026-02-06 03:30:00,63.404,2026-02-06 06:38:00,63.8645,2026-02-06 10:19:00,64.325,0.75,VOLLEDIGE WINST ✅✅,394.9408737397241
72,2026-02-06 04:00:00,63.269,2026-02-06 06:27:00,63.64475,2026-02-06 06:45:00,64.0205,0.5,VOLLEDIGE WINST ✅✅,322.94392879149564
72,2026-02-06 04:15:00,63.328,2026-02-06 06:34:00,63.70375,2026-02-06 06:46:00,64.0795,0.5,VOLLEDIGE WINST ✅✅,322.6430556895667
72,2026-02-06 06:45:00,64.08,2026-02-06 10:19:00,64.31625,2026-02-06 10:21:00,64.08,0.25,HALVE WINST / BE ✅➖,67.02469950049078
72,2026-02-06 11:30:00,63.613,2026-02-06 16:50:00,63.891999999999996,2026-02-06 18:19:00,64.17099999999999,0.25,VOLLEDIGE WINST ✅✅,240.92279066304334
72,2026-02-06 16:15:00,63.641,2026-02-06 16:51:00,63.931,2026-02-06 17:06:00,63.641,0.25,HALVE WINST / BE ✅➖,83.43712041073766
73,2026-02-09 02:15:00,63.113,2026-02-09 11:41:00,63.56524999999999,2026-02-09 14:47:00,63.113,1.5,HALVE WINST / BE ✅➖,131.59469589784356
73,2026-02-09 04:00:00,62.873,2026-02-09 11:27:00,63.36275,2026-02-09 15:42:00,63.85249999999999,1.5,VOLLEDIGE WINST ✅✅,429.15102058434206
73,2026-02-09 11:30:00,63.489,2026-02-09 15:39:00,63.74849999999999,2026-02-09 15:44:00,64.008,0.5,VOLLEDIGE WINST ✅✅,225.18464009407163
73,2026-02-09 15:00:00,63.159,2026-02-09 15:36:00,63.4655,2026-02-09 15:39:00,63.772,0.5,VOLLEDIGE WINST ✅✅,267.6784966559653
73,2026-02-09 16:30:00,63.985,2026-02-09 17:24:00,64.187125,2026-02-09 17:46:00,64.38925,0.25,VOLLEDIGE WINST ✅✅,175.7012089403561
74,2026-02-10 01:45:00,64.224,2026-02-10 09:53:00,64.4115,2026-02-10 10:35:00,64.224,1.5,HALVE WINST / BE ✅➖,54.21269188732497
74,2026-02-10 04:45:00,64.038,2026-02-10 09:51:00,64.36449999999999,2026-02-10 10:44:00,64.038,1.0,HALVE WINST / BE ✅➖,94.67656155086247
74,2026-02-10 05:45:00,64.118,2026-02-10 09:55:00,64.4445,2026-02-10 10:37:00,64.118,1.0,HALVE WINST / BE ✅➖,94.55843364725031
74,2026-02-10 12:15:00,64.365,2026-02-10 22:59:00,64.063,2026-02-10 22:59:00,64.063,0.75,VERLIES ❌,-174.63533726314674
74,2026-02-10 12:45:00,64.496,2026-02-10 22:59:00,64.063,2026-02-10 22:59:00,64.063,0.5,VERLIES ❌,-249.87918076720993
75,2026-02-11 03:45:00,64.481,2026-02-11 10:44:00,64.832,2026-02-11 12:56:00,65.18299999999998,1.5,VOLLEDIGE WINST ✅✅,302.75219117367806
75,2026-02-11 04:30:00,64.394,2026-02-11 09:42:00,64.745,2026-02-11 12:45:00,65.09599999999999,1.5,VOLLEDIGE WINST ✅✅,303.16122680793137
75,2026-02-11 04:45:00,64.395,2026-02-11 09:42:00,64.74599999999998,2026-02-11 12:45:00,65.09699999999998,1.5,VOLLEDIGE WINST ✅✅,303.156518969946
76,2026-02-12 06:30:00,64.611,2026-02-12 06:59:00,64.76100000000001,2026-02-12 07:20:00,64.611,0.75,HALVE WINST / BE ✅➖,43.39206662437541
76,2026-02-12 10:45:00,64.403,2026-02-12 22:59:00,62.776,2026-02-12 22:59:00,62.776,0.5,VERLIES ❌,-944.7241089240845
76,2026-02-12 11:30:00,64.211,2026-02-12 12:22:00,64.41825,2026-02-12 14:00:00,64.211,0.5,HALVE WINST / BE ✅➖,60.35019164935651
76,2026-02-12 13:30:00,64.457,2026-02-12 22:59:00,62.776,2026-02-12 22:59:00,62.776,1.5,VERLIES ❌,-975.261698686522
77,2026-02-13 04:00:00,62.667,2026-02-13 10:39:00,62.91225,2026-02-13 12:36:00,62.667,1.5,HALVE WINST / BE ✅➖,71.96219573574692
77,2026-02-13 04:15:00,62.658,2026-02-13 10:39:00,62.90325,2026-02-13 12:37:00,62.658,1.5,HALVE WINST / BE ✅➖,71.9725321614487
77,2026-02-13 04:45:00,62.662,2026-02-13 10:39:00,62.90725,2026-02-13 12:36:00,62.662,1.5,HALVE WINST / BE ✅➖,71.96793782790292
78,2026-02-16 06:30:00,62.779,2026-02-16 15:03:00,63.03175,2026-02-16 15:40:00,63.28450000000001,1.5,VOLLEDIGE WINST ✅✅,222.52631085374742
78,2026-02-16 06:45:00,62.753,2026-02-16 14:40:00,63.005750000000006,2026-02-16 15:39:00,63.258500000000005,1.5,VOLLEDIGE WINST ✅✅,222.61850858265805
78,2026-02-16 07:30:00,62.8,2026-02-16 15:15:00,63.05275,2026-02-16 15:40:00,63.3055,1.5,VOLLEDIGE WINST ✅✅,222.45189918929208
79,2026-02-17 05:00:00,63.39,2026-02-17 12:05:00,63.62025,2026-02-17 12:36:00,63.850500000000004,1.5,VOLLEDIGE WINST ✅✅,201.97535902759807
79,2026-02-17 05:45:00,63.379,2026-02-17 12:05:00,63.615249999999996,2026-02-17 12:36:00,63.851499999999994,1.5,VOLLEDIGE WINST ✅✅,207.27452869664177
79,2026-02-17 06:00:00,63.372,2026-02-17 12:05:00,63.60825,2026-02-17 12:36:00,63.8445,1.5,VOLLEDIGE WINST ✅✅,207.29742400846516
80,2026-02-18 03:45:00,62.346,2026-02-18 09:20:00,62.562,2026-02-18 09:59:00,62.346,1.5,HALVE WINST / BE ✅➖,64.57203107310774
80,2026-02-18 04:00:00,62.283,2026-02-18 09:06:00,62.499,2026-02-18 11:40:00,62.715,1.5,VOLLEDIGE WINST ✅✅,193.9120393663106
80,2026-02-18 07:45:00,62.438,2026-02-18 11:41:00,62.75000000000001,2026-02-18 12:05:00,63.06200000000001,1.5,VOLLEDIGE WINST ✅✅,279.3998421938146
80,2026-02-18 11:00:00,62.553,2026-02-18 11:56:00,63.0,2026-02-18 12:40:00,63.447,1.5,VOLLEDIGE WINST ✅✅,399.7888017081442
80,2026-02-18 12:00:00,63.014,2026-02-18 12:19:00,63.254000000000005,2026-02-18 12:44:00,63.494,0.5,VOLLEDIGE WINST ✅✅,213.45062344980306
80,2026-02-18 12:15:00,63.228,2026-02-18 12:33:00,63.372125000000004,2026-02-18 12:58:00,63.51625,0.25,VOLLEDIGE WINST ✅✅,128.0661448687352
80,2026-02-18 14:15:00,63.944,2026-02-18 15:41:00,64.19575,2026-02-18 17:33:00,64.4475,0.25,VOLLEDIGE WINST ✅✅,222.6536805509046
81,2026-02-19 03:30:00,65.217,2026-02-19 08:52:00,65.61,2026-02-19 09:42:00,66.003,1.5,VOLLEDIGE WINST ✅✅,341.46485362578085
81,2026-02-19 05:45:00,65.319,2026-02-19 08:57:00,65.71587500000001,2026-02-19 09:48:00,66.11275,1.25,VOLLEDIGE WINST ✅✅,344.29323660695957
81,2026-02-19 08:15:00,65.277,2026-02-19 08:36:00,65.43575,2026-02-19 08:52:00,65.59450000000001,0.5,VOLLEDIGE WINST ✅✅,137.80590359195506
81,2026-02-19 10:15:00,66.062,2026-02-19 12:46:00,66.24849999999999,2026-02-19 12:54:00,66.062,0.25,HALVE WINST / BE ✅➖,53.71118457911692
81,2026-02-19 11:30:00,65.756,2026-02-19 11:46:00,65.9425,2026-02-19 12:34:00,66.129,0.25,VOLLEDIGE WINST ✅✅,161.88339964409536
81,2026-02-19 16:00:00,66.203,2026-02-19 16:42:00,66.42750000000001,2026-02-19 18:00:00,66.652,0.25,VOLLEDIGE WINST ✅✅,193.9174958161317
81,2026-02-19 16:15:00,66.136,2026-02-19 16:29:00,66.3605,2026-02-19 17:42:00,66.585,0.25,VOLLEDIGE WINST ✅✅,194.11394664804897
81,2026-02-19 16:30:00,66.362,2026-02-19 17:42:00,66.5865,2026-02-19 19:06:00,66.362,0.25,HALVE WINST / BE ✅➖,64.48429309703164
82,2026-02-20 01:15:00,66.528,2026-02-20 02:11:00,66.6795,2026-02-20 02:25:00,66.528,1.5,HALVE WINST / BE ✅➖,43.57929308831045
82,2026-02-20 01:45:00,66.453,2026-02-20 02:11:00,66.69225,2026-02-20 07:29:00,66.9315,1.5,VOLLEDIGE WINST ✅✅,206.69531138319763
82,2026-02-20 02:30:00,66.641,2026-02-20 07:29:00,66.9845,2026-02-20 08:17:00,66.641,1.5,HALVE WINST / BE ✅➖,98.67838943588346
82,2026-02-20 02:45:00,66.611,2026-02-20 07:29:00,66.9545,2026-02-20 08:17:00,66.611,1.5,HALVE WINST / BE ✅➖,98.72283182052077
82,2026-02-20 07:30:00,67.026,2026-02-20 22:59:00,66.31,2026-02-20 22:59:00,66.31,1.5,VERLIES ❌,-409.7484564827046
82,2026-02-20 11:00:00,66.018,2026-02-20 12:43:00,66.305,2026-02-20 12:53:00,66.018,0.5,HALVE WINST / BE ✅➖,83.51827601636455
82,2026-02-20 11:15:00,65.922,2026-02-20 12:38:00,66.21025,2026-02-20 12:59:00,65.922,0.5,HALVE WINST / BE ✅➖,84.0041861661888
83,2026-02-23 03:15:00,65.962,2026-02-23 12:50:00,66.33500000000001,2026-02-23 14:45:00,66.708,1.0,VOLLEDIGE WINST ✅✅,325.2255635395431
83,2026-02-23 03:30:00,65.977,2026-02-23 10:32:00,66.1635,2026-02-23 12:21:00,65.977,0.5,HALVE WINST / BE ✅➖,54.19193714525465
83,2026-02-23 03:45:00,66.016,2026-02-23 12:51:00,66.38900000000001,2026-02-23 14:45:00,66.762,1.0,VOLLEDIGE WINST ✅✅,324.9595343885624
83,2026-02-23 14:15:00,66.65,2026-02-23 15:30:00,66.99025,2026-02-23 17:01:00,66.65,0.5,HALVE WINST / BE ✅➖,97.91538636851388
84,2026-02-24 03:00:00,66.482,2026-02-24 04:01:00,66.82175,2026-02-24 08:45:00,66.482,1.5,HALVE WINST / BE ✅➖,98.6557503554315
84,2026-02-24 03:15:00,66.589,2026-02-24 14:36:00,67.0195,2026-02-24 15:16:00,66.589,1.5,HALVE WINST / BE ✅➖,124.80663600924593
84,2026-02-24 03:30:00,66.569,2026-02-24 14:31:00,66.9995,2026-02-24 15:30:00,66.569,1.5,HALVE WINST / BE ✅➖,124.84413293304206
84,2026-02-24 12:00:00,66.195,2026-02-24 13:05:00,66.416,2026-02-24 14:00:00,66.637,0.5,VOLLEDIGE WINST ✅✅,193.51966459597637
84,2026-02-24 17:00:00,65.846,2026-02-24 17:13:00,66.029875,2026-02-24 17:52:00,65.846,0.25,HALVE WINST / BE ✅➖,54.16105420870171
84,2026-02-24 18:45:00,65.931,2026-02-24 21:21:00,66.114875,2026-02-24 21:22:00,66.29875,0.25,VOLLEDIGE WINST ✅✅,162.34920990429134
84,2026-02-24 19:00:00,65.915,2026-02-24 21:21:00,66.098875,2026-02-24 21:22:00,66.28275000000001,0.25,VOLLEDIGE WINST ✅✅,162.38861804141442
85,2026-02-25 02:15:00,66.154,2026-02-25 04:33:00,66.4075,2026-02-25 04:37:00,66.154,1.5,HALVE WINST / BE ✅➖,74.56369502581762
85,2026-02-25 06:15:00,66.043,2026-02-25 22:59:00,65.534,2026-02-25 22:59:00,65.534,0.75,VERLIES ❌,-300.1261453438983
85,2026-02-25 06:45:00,66.082,2026-02-25 22:59:00,65.534,2026-02-25 22:59:00,65.534,1.5,VERLIES ❌,-322.9313594155939
85,2026-02-25 07:15:00,65.943,2026-02-25 22:59:00,65.534,2026-02-25 22:59:00,65.534,1.0,VERLIES ❌,-241.52797931759034
86,2026-02-26 04:00:00,65.454,2026-02-26 16:40:00,65.829,2026-02-26 16:52:00,66.204,1.5,VOLLEDIGE WINST ✅✅,332.179733534609
86,2026-02-26 04:15:00,65.481,2026-02-26 16:41:00,65.856,2026-02-26 16:53:00,66.231,1.5,VOLLEDIGE WINST ✅✅,332.04276475274196
86,2026-02-26 05:30:00,65.559,2026-02-26 16:41:00,65.934,2026-02-26 16:53:00,66.309,1.5,VOLLEDIGE WINST ✅✅,331.6477108981878
87,2026-02-27 02:45:00,64.996,2026-02-27 05:37:00,65.371,2026-02-27 08:44:00,65.746,1.5,VOLLEDIGE WINST ✅✅,337.39334640588015
87,2026-02-27 03:45:00,65.072,2026-02-27 05:41:00,65.3845,2026-02-27 07:46:00,65.697,1.25,VOLLEDIGE WINST ✅✅,280.83274351227084
87,2026-02-27 07:30:00,65.697,2026-02-27 10:59:00,66.3435,2026-02-27 13:57:00,66.99,1.5,VOLLEDIGE WINST ✅✅,575.4596364175841
87,2026-02-27 09:15:00,65.861,2026-02-27 10:59:00,66.3725,2026-02-27 13:15:00,66.884,1.0,VOLLEDIGE WINST ✅✅,456.56100874180163
87,2026-02-27 09:30:00,65.914,2026-02-27 10:55:00,66.20275000000001,2026-02-27 11:54:00,66.4915,0.5,VOLLEDIGE WINST ✅✅,257.5288134211163
87,2026-02-27 12:00:00,66.505,2026-02-27 12:36:00,66.718875,2026-02-27 13:48:00,66.93275,0.25,VOLLEDIGE WINST ✅✅,189.46868666714266
87,2026-02-27 13:30:00,66.844,2026-02-27 14:00:00,67.10324999999999,2026-02-27 14:15:00,67.3625,0.25,VOLLEDIGE WINST ✅✅,229.38634414500083
